<application>
  <component name="fastRequest">
    <option name="dataList">
      <list>
        <NameGroup>
          <option name="hostGroup">
            <list>
              <HostGroup>
                <option name="env" value="baseUrl" />
                <option name="url" value="https://api.parent.sowat.dev" />
              </HostGroup>
              <HostGroup>
                <option name="env" value="token" />
                <option name="url" value="eyJhbGciOiJIUzI1NiJ9.eyJ1c2VyX2lkIjoiZTBlMzM0MDMtMjNlYS00MmM2LWEzMjItMzVmNzM0Y2ZiYTIzIiwiZmlyZWJhc2VfdG9rZW4iOm51bGwsInR5cGUiOiJhdXRoZW50aWNhdGlvbiIsImV4cCI6MTY2NzAyMjg1NX0.ULkeOIkl1tl8XumDw6zhWjvy_Qk_TRcBsjU9wVxgRhs" />
              </HostGroup>
              <HostGroup>
                <option name="env" value="referer" />
                <option name="url" value="https://mobile.gredu.co/*" />
              </HostGroup>
              <HostGroup>
                <option name="env" value="school_id" />
                <option name="url" value="e15048f2-9bb3-4e86-a7a1-d2d7695d2bfb" />
              </HostGroup>
              <HostGroup>
                <option name="env" value="app_id" />
                <option name="url" value="pa" />
              </HostGroup>
            </list>
          </option>
          <option name="name" value="Gredu Parrent" />
        </NameGroup>
        <NameGroup>
          <option name="hostGroup">
            <list>
              <HostGroup>
                <option name="env" value="baseUrl" />
                <option name="url" value="" />
              </HostGroup>
              <HostGroup>
                <option name="env" value="token" />
                <option name="url" value="" />
              </HostGroup>
              <HostGroup>
                <option name="env" value="referer" />
                <option name="url" value="https://mobile.gredu.co/*" />
              </HostGroup>
              <HostGroup>
                <option name="env" value="school_id" />
                <option name="url" value="" />
              </HostGroup>
              <HostGroup>
                <option name="env" value="app_id" />
                <option name="url" value="ta" />
              </HostGroup>
            </list>
          </option>
          <option name="name" value="Gredu Teacher" />
        </NameGroup>
        <NameGroup>
          <option name="hostGroup">
            <list>
              <HostGroup>
                <option name="env" value="baseUrl" />
                <option name="url" value="" />
              </HostGroup>
              <HostGroup>
                <option name="env" value="token" />
                <option name="url" value="" />
              </HostGroup>
              <HostGroup>
                <option name="env" value="referer" />
                <option name="url" value="" />
              </HostGroup>
              <HostGroup>
                <option name="env" value="school_id" />
                <option name="url" value="" />
              </HostGroup>
              <HostGroup>
                <option name="env" value="app_id" />
                <option name="url" value="" />
              </HostGroup>
            </list>
          </option>
          <option name="name" value="MDVK" />
        </NameGroup>
      </list>
    </option>
    <option name="defaultDataMappingList">
      <list>
        <DataMapping>
          <option name="type" value="byte" />
          <option name="value" value="1" />
        </DataMapping>
        <DataMapping>
          <option name="type" value="java.lang.Byte" />
          <option name="value" value="1" />
        </DataMapping>
        <DataMapping>
          <option name="type" value="short" />
          <option name="value" value="1" />
        </DataMapping>
        <DataMapping>
          <option name="type" value="java.lang.Short" />
          <option name="value" value="1" />
        </DataMapping>
        <DataMapping>
          <option name="type" value="int" />
          <option name="value" value="1" />
        </DataMapping>
        <DataMapping>
          <option name="type" value="java.lang.Integer" />
          <option name="value" value="1" />
        </DataMapping>
        <DataMapping>
          <option name="type" value="long" />
          <option name="value" value="1" />
        </DataMapping>
        <DataMapping>
          <option name="type" value="java.lang.Long" />
          <option name="value" value="1" />
        </DataMapping>
        <DataMapping>
          <option name="type" value="char" />
          <option name="value" value="a" />
        </DataMapping>
        <DataMapping>
          <option name="type" value="java.lang.Character" />
          <option name="value" value="a" />
        </DataMapping>
        <DataMapping>
          <option name="type" value="float" />
          <option name="value" value="1" />
        </DataMapping>
        <DataMapping>
          <option name="type" value="java.lang.Float" />
          <option name="value" value="1" />
        </DataMapping>
        <DataMapping>
          <option name="type" value="double" />
          <option name="value" value="1" />
        </DataMapping>
        <DataMapping>
          <option name="type" value="java.lang.Double" />
          <option name="value" value="1" />
        </DataMapping>
        <DataMapping>
          <option name="type" value="boolean" />
          <option name="value" value="true" />
        </DataMapping>
        <DataMapping>
          <option name="type" value="java.lang.Boolean" />
          <option name="value" value="true" />
        </DataMapping>
        <DataMapping>
          <option name="type" value="java.math.BigDecimal" />
          <option name="value" value="1" />
        </DataMapping>
      </list>
    </option>
    <option name="domain" value="https://api.parent.sowat.dev" />
    <option name="enableEnv" value="baseUrl" />
    <option name="enableProject" value="Gredu Parrent" />
    <option name="envList">
      <list>
        <option value="baseUrl" />
        <option value="token" />
        <option value="referer" />
        <option value="school_id" />
        <option value="app_id" />
      </list>
    </option>
    <option name="headerList">
      <list>
        <DataMapping>
          <option name="type" value="Authorization" />
          <option name="value" value="eyJhbGciOiJIUzI1NiJ9.eyJ1c2VyX2lkIjoiYTEyYWM4MjUtOTU0MC00NzBlLWEzNDUtMDZhYzMwMTI3NzZjIiwiZXhwIjoxNjM4NDE5NTUyfQ.-34S2CQ_xNOxRiCivOMVEA3jIIn2YskxQ6KLlDnyCKs" />
        </DataMapping>
      </list>
    </option>
    <option name="paramGroup">
      <ParamGroup>
        <option name="originUrl" value="" />
        <option name="url" value="" />
      </ParamGroup>
    </option>
    <option name="projectList">
      <list>
        <option value="Gredu Parrent" />
        <option value="Gredu Teacher" />
        <option value="MDVK" />
      </list>
    </option>
    <option name="randomStringLength" value="5" />
  </component>
</application>