<application>
  <component name="ProjectJdkTable">
    <jdk version="2">
      <name value="1.8" />
      <type value="JavaSDK" />
      <version value="java version &quot;1.8.0_242&quot;" />
      <homePath value="$APPLICATION_HOME_DIR$/jre/jdk/Contents/Home" />
      <roots>
        <annotationsPath>
          <root type="composite">
            <root url="jar://$APPLICATION_HOME_DIR$/plugins/java/lib/jdkAnnotations.jar!/" type="simple" />
          </root>
        </annotationsPath>
        <classPath>
          <root type="composite">
            <root url="jar://$APPLICATION_HOME_DIR$/jre/jdk/Contents/Home/jre/lib/charsets.jar!/" type="simple" />
            <root url="jar://$APPLICATION_HOME_DIR$/jre/jdk/Contents/Home/jre/lib/ext/cldrdata.jar!/" type="simple" />
            <root url="jar://$APPLICATION_HOME_DIR$/jre/jdk/Contents/Home/jre/lib/ext/dnsns.jar!/" type="simple" />
            <root url="jar://$APPLICATION_HOME_DIR$/jre/jdk/Contents/Home/jre/lib/ext/jaccess.jar!/" type="simple" />
            <root url="jar://$APPLICATION_HOME_DIR$/jre/jdk/Contents/Home/jre/lib/ext/localedata.jar!/" type="simple" />
            <root url="jar://$APPLICATION_HOME_DIR$/jre/jdk/Contents/Home/jre/lib/ext/nashorn.jar!/" type="simple" />
            <root url="jar://$APPLICATION_HOME_DIR$/jre/jdk/Contents/Home/jre/lib/ext/sunec.jar!/" type="simple" />
            <root url="jar://$APPLICATION_HOME_DIR$/jre/jdk/Contents/Home/jre/lib/ext/sunjce_provider.jar!/" type="simple" />
            <root url="jar://$APPLICATION_HOME_DIR$/jre/jdk/Contents/Home/jre/lib/ext/sunpkcs11.jar!/" type="simple" />
            <root url="jar://$APPLICATION_HOME_DIR$/jre/jdk/Contents/Home/jre/lib/ext/zipfs.jar!/" type="simple" />
            <root url="jar://$APPLICATION_HOME_DIR$/jre/jdk/Contents/Home/jre/lib/jce.jar!/" type="simple" />
            <root url="jar://$APPLICATION_HOME_DIR$/jre/jdk/Contents/Home/jre/lib/jsse.jar!/" type="simple" />
            <root url="jar://$APPLICATION_HOME_DIR$/jre/jdk/Contents/Home/jre/lib/management-agent.jar!/" type="simple" />
            <root url="jar://$APPLICATION_HOME_DIR$/jre/jdk/Contents/Home/jre/lib/resources.jar!/" type="simple" />
            <root url="jar://$APPLICATION_HOME_DIR$/jre/jdk/Contents/Home/jre/lib/rt.jar!/" type="simple" />
            <root url="jar://$APPLICATION_HOME_DIR$/jre/jdk/Contents/Home/lib/dt.jar!/" type="simple" />
            <root url="jar://$APPLICATION_HOME_DIR$/jre/jdk/Contents/Home/lib/jconsole.jar!/" type="simple" />
            <root url="jar://$APPLICATION_HOME_DIR$/jre/jdk/Contents/Home/lib/sa-jdi.jar!/" type="simple" />
            <root url="jar://$APPLICATION_HOME_DIR$/jre/jdk/Contents/Home/lib/tools.jar!/" type="simple" />
          </root>
        </classPath>
        <javadocPath>
          <root type="composite">
            <root url="https://docs.oracle.com/javase/8/docs/api/" type="simple" />
          </root>
        </javadocPath>
        <sourcePath>
          <root type="composite" />
        </sourcePath>
      </roots>
      <additional />
    </jdk>
    <jdk version="2">
      <name value="11" />
      <type value="JavaSDK" />
      <version value="BellSoft Liberica JDK version 11.0.13" />
      <homePath value="$USER_HOME$/Library/Java/JavaVirtualMachines/liberica-11.0.13" />
      <roots>
        <annotationsPath>
          <root type="composite">
            <root url="jar://$APPLICATION_HOME_DIR$/plugins/java/lib/jdkAnnotations.jar!/" type="simple" />
          </root>
        </annotationsPath>
        <classPath>
          <root type="composite">
            <root url="jrt:///Users/Aditya.Pratama/Library/Java/JavaVirtualMachines/liberica-11.0.13!/java.base" type="simple" />
            <root url="jrt:///Users/Aditya.Pratama/Library/Java/JavaVirtualMachines/liberica-11.0.13!/java.compiler" type="simple" />
            <root url="jrt:///Users/Aditya.Pratama/Library/Java/JavaVirtualMachines/liberica-11.0.13!/java.datatransfer" type="simple" />
            <root url="jrt:///Users/Aditya.Pratama/Library/Java/JavaVirtualMachines/liberica-11.0.13!/java.desktop" type="simple" />
            <root url="jrt:///Users/Aditya.Pratama/Library/Java/JavaVirtualMachines/liberica-11.0.13!/java.instrument" type="simple" />
            <root url="jrt:///Users/Aditya.Pratama/Library/Java/JavaVirtualMachines/liberica-11.0.13!/java.logging" type="simple" />
            <root url="jrt:///Users/Aditya.Pratama/Library/Java/JavaVirtualMachines/liberica-11.0.13!/java.management" type="simple" />
            <root url="jrt:///Users/Aditya.Pratama/Library/Java/JavaVirtualMachines/liberica-11.0.13!/java.management.rmi" type="simple" />
            <root url="jrt:///Users/Aditya.Pratama/Library/Java/JavaVirtualMachines/liberica-11.0.13!/java.naming" type="simple" />
            <root url="jrt:///Users/Aditya.Pratama/Library/Java/JavaVirtualMachines/liberica-11.0.13!/java.net.http" type="simple" />
            <root url="jrt:///Users/Aditya.Pratama/Library/Java/JavaVirtualMachines/liberica-11.0.13!/java.prefs" type="simple" />
            <root url="jrt:///Users/Aditya.Pratama/Library/Java/JavaVirtualMachines/liberica-11.0.13!/java.rmi" type="simple" />
            <root url="jrt:///Users/Aditya.Pratama/Library/Java/JavaVirtualMachines/liberica-11.0.13!/java.scripting" type="simple" />
            <root url="jrt:///Users/Aditya.Pratama/Library/Java/JavaVirtualMachines/liberica-11.0.13!/java.se" type="simple" />
            <root url="jrt:///Users/Aditya.Pratama/Library/Java/JavaVirtualMachines/liberica-11.0.13!/java.security.jgss" type="simple" />
            <root url="jrt:///Users/Aditya.Pratama/Library/Java/JavaVirtualMachines/liberica-11.0.13!/java.security.sasl" type="simple" />
            <root url="jrt:///Users/Aditya.Pratama/Library/Java/JavaVirtualMachines/liberica-11.0.13!/java.smartcardio" type="simple" />
            <root url="jrt:///Users/Aditya.Pratama/Library/Java/JavaVirtualMachines/liberica-11.0.13!/java.sql" type="simple" />
            <root url="jrt:///Users/Aditya.Pratama/Library/Java/JavaVirtualMachines/liberica-11.0.13!/java.sql.rowset" type="simple" />
            <root url="jrt:///Users/Aditya.Pratama/Library/Java/JavaVirtualMachines/liberica-11.0.13!/java.transaction.xa" type="simple" />
            <root url="jrt:///Users/Aditya.Pratama/Library/Java/JavaVirtualMachines/liberica-11.0.13!/java.xml" type="simple" />
            <root url="jrt:///Users/Aditya.Pratama/Library/Java/JavaVirtualMachines/liberica-11.0.13!/java.xml.crypto" type="simple" />
            <root url="jrt:///Users/Aditya.Pratama/Library/Java/JavaVirtualMachines/liberica-11.0.13!/javafx.base" type="simple" />
            <root url="jrt:///Users/Aditya.Pratama/Library/Java/JavaVirtualMachines/liberica-11.0.13!/javafx.controls" type="simple" />
            <root url="jrt:///Users/Aditya.Pratama/Library/Java/JavaVirtualMachines/liberica-11.0.13!/javafx.fxml" type="simple" />
            <root url="jrt:///Users/Aditya.Pratama/Library/Java/JavaVirtualMachines/liberica-11.0.13!/javafx.graphics" type="simple" />
            <root url="jrt:///Users/Aditya.Pratama/Library/Java/JavaVirtualMachines/liberica-11.0.13!/javafx.media" type="simple" />
            <root url="jrt:///Users/Aditya.Pratama/Library/Java/JavaVirtualMachines/liberica-11.0.13!/javafx.swing" type="simple" />
            <root url="jrt:///Users/Aditya.Pratama/Library/Java/JavaVirtualMachines/liberica-11.0.13!/javafx.web" type="simple" />
            <root url="jrt:///Users/Aditya.Pratama/Library/Java/JavaVirtualMachines/liberica-11.0.13!/jdk.accessibility" type="simple" />
            <root url="jrt:///Users/Aditya.Pratama/Library/Java/JavaVirtualMachines/liberica-11.0.13!/jdk.aot" type="simple" />
            <root url="jrt:///Users/Aditya.Pratama/Library/Java/JavaVirtualMachines/liberica-11.0.13!/jdk.attach" type="simple" />
            <root url="jrt:///Users/Aditya.Pratama/Library/Java/JavaVirtualMachines/liberica-11.0.13!/jdk.charsets" type="simple" />
            <root url="jrt:///Users/Aditya.Pratama/Library/Java/JavaVirtualMachines/liberica-11.0.13!/jdk.compiler" type="simple" />
            <root url="jrt:///Users/Aditya.Pratama/Library/Java/JavaVirtualMachines/liberica-11.0.13!/jdk.crypto.cryptoki" type="simple" />
            <root url="jrt:///Users/Aditya.Pratama/Library/Java/JavaVirtualMachines/liberica-11.0.13!/jdk.crypto.ec" type="simple" />
            <root url="jrt:///Users/Aditya.Pratama/Library/Java/JavaVirtualMachines/liberica-11.0.13!/jdk.dynalink" type="simple" />
            <root url="jrt:///Users/Aditya.Pratama/Library/Java/JavaVirtualMachines/liberica-11.0.13!/jdk.editpad" type="simple" />
            <root url="jrt:///Users/Aditya.Pratama/Library/Java/JavaVirtualMachines/liberica-11.0.13!/jdk.hotspot.agent" type="simple" />
            <root url="jrt:///Users/Aditya.Pratama/Library/Java/JavaVirtualMachines/liberica-11.0.13!/jdk.httpserver" type="simple" />
            <root url="jrt:///Users/Aditya.Pratama/Library/Java/JavaVirtualMachines/liberica-11.0.13!/jdk.internal.ed" type="simple" />
            <root url="jrt:///Users/Aditya.Pratama/Library/Java/JavaVirtualMachines/liberica-11.0.13!/jdk.internal.jvmstat" type="simple" />
            <root url="jrt:///Users/Aditya.Pratama/Library/Java/JavaVirtualMachines/liberica-11.0.13!/jdk.internal.le" type="simple" />
            <root url="jrt:///Users/Aditya.Pratama/Library/Java/JavaVirtualMachines/liberica-11.0.13!/jdk.internal.opt" type="simple" />
            <root url="jrt:///Users/Aditya.Pratama/Library/Java/JavaVirtualMachines/liberica-11.0.13!/jdk.internal.vm.ci" type="simple" />
            <root url="jrt:///Users/Aditya.Pratama/Library/Java/JavaVirtualMachines/liberica-11.0.13!/jdk.internal.vm.compiler" type="simple" />
            <root url="jrt:///Users/Aditya.Pratama/Library/Java/JavaVirtualMachines/liberica-11.0.13!/jdk.internal.vm.compiler.management" type="simple" />
            <root url="jrt:///Users/Aditya.Pratama/Library/Java/JavaVirtualMachines/liberica-11.0.13!/jdk.jartool" type="simple" />
            <root url="jrt:///Users/Aditya.Pratama/Library/Java/JavaVirtualMachines/liberica-11.0.13!/jdk.javadoc" type="simple" />
            <root url="jrt:///Users/Aditya.Pratama/Library/Java/JavaVirtualMachines/liberica-11.0.13!/jdk.jcmd" type="simple" />
            <root url="jrt:///Users/Aditya.Pratama/Library/Java/JavaVirtualMachines/liberica-11.0.13!/jdk.jconsole" type="simple" />
            <root url="jrt:///Users/Aditya.Pratama/Library/Java/JavaVirtualMachines/liberica-11.0.13!/jdk.jdeps" type="simple" />
            <root url="jrt:///Users/Aditya.Pratama/Library/Java/JavaVirtualMachines/liberica-11.0.13!/jdk.jdi" type="simple" />
            <root url="jrt:///Users/Aditya.Pratama/Library/Java/JavaVirtualMachines/liberica-11.0.13!/jdk.jdwp.agent" type="simple" />
            <root url="jrt:///Users/Aditya.Pratama/Library/Java/JavaVirtualMachines/liberica-11.0.13!/jdk.jfr" type="simple" />
            <root url="jrt:///Users/Aditya.Pratama/Library/Java/JavaVirtualMachines/liberica-11.0.13!/jdk.jlink" type="simple" />
            <root url="jrt:///Users/Aditya.Pratama/Library/Java/JavaVirtualMachines/liberica-11.0.13!/jdk.jshell" type="simple" />
            <root url="jrt:///Users/Aditya.Pratama/Library/Java/JavaVirtualMachines/liberica-11.0.13!/jdk.jsobject" type="simple" />
            <root url="jrt:///Users/Aditya.Pratama/Library/Java/JavaVirtualMachines/liberica-11.0.13!/jdk.jstatd" type="simple" />
            <root url="jrt:///Users/Aditya.Pratama/Library/Java/JavaVirtualMachines/liberica-11.0.13!/jdk.localedata" type="simple" />
            <root url="jrt:///Users/Aditya.Pratama/Library/Java/JavaVirtualMachines/liberica-11.0.13!/jdk.management" type="simple" />
            <root url="jrt:///Users/Aditya.Pratama/Library/Java/JavaVirtualMachines/liberica-11.0.13!/jdk.management.agent" type="simple" />
            <root url="jrt:///Users/Aditya.Pratama/Library/Java/JavaVirtualMachines/liberica-11.0.13!/jdk.management.jfr" type="simple" />
            <root url="jrt:///Users/Aditya.Pratama/Library/Java/JavaVirtualMachines/liberica-11.0.13!/jdk.naming.dns" type="simple" />
            <root url="jrt:///Users/Aditya.Pratama/Library/Java/JavaVirtualMachines/liberica-11.0.13!/jdk.naming.ldap" type="simple" />
            <root url="jrt:///Users/Aditya.Pratama/Library/Java/JavaVirtualMachines/liberica-11.0.13!/jdk.naming.rmi" type="simple" />
            <root url="jrt:///Users/Aditya.Pratama/Library/Java/JavaVirtualMachines/liberica-11.0.13!/jdk.net" type="simple" />
            <root url="jrt:///Users/Aditya.Pratama/Library/Java/JavaVirtualMachines/liberica-11.0.13!/jdk.pack" type="simple" />
            <root url="jrt:///Users/Aditya.Pratama/Library/Java/JavaVirtualMachines/liberica-11.0.13!/jdk.packager" type="simple" />
            <root url="jrt:///Users/Aditya.Pratama/Library/Java/JavaVirtualMachines/liberica-11.0.13!/jdk.packager.services" type="simple" />
            <root url="jrt:///Users/Aditya.Pratama/Library/Java/JavaVirtualMachines/liberica-11.0.13!/jdk.rmic" type="simple" />
            <root url="jrt:///Users/Aditya.Pratama/Library/Java/JavaVirtualMachines/liberica-11.0.13!/jdk.scripting.nashorn" type="simple" />
            <root url="jrt:///Users/Aditya.Pratama/Library/Java/JavaVirtualMachines/liberica-11.0.13!/jdk.scripting.nashorn.shell" type="simple" />
            <root url="jrt:///Users/Aditya.Pratama/Library/Java/JavaVirtualMachines/liberica-11.0.13!/jdk.sctp" type="simple" />
            <root url="jrt:///Users/Aditya.Pratama/Library/Java/JavaVirtualMachines/liberica-11.0.13!/jdk.security.auth" type="simple" />
            <root url="jrt:///Users/Aditya.Pratama/Library/Java/JavaVirtualMachines/liberica-11.0.13!/jdk.security.jgss" type="simple" />
            <root url="jrt:///Users/Aditya.Pratama/Library/Java/JavaVirtualMachines/liberica-11.0.13!/jdk.unsupported" type="simple" />
            <root url="jrt:///Users/Aditya.Pratama/Library/Java/JavaVirtualMachines/liberica-11.0.13!/jdk.unsupported.desktop" type="simple" />
            <root url="jrt:///Users/Aditya.Pratama/Library/Java/JavaVirtualMachines/liberica-11.0.13!/jdk.xml.dom" type="simple" />
            <root url="jrt:///Users/Aditya.Pratama/Library/Java/JavaVirtualMachines/liberica-11.0.13!/jdk.zipfs" type="simple" />
          </root>
        </classPath>
        <javadocPath>
          <root type="composite" />
        </javadocPath>
        <sourcePath>
          <root type="composite">
            <root url="jar://$USER_HOME$/Library/Java/JavaVirtualMachines/liberica-11.0.13/lib/src.zip!/java.se" type="simple" />
            <root url="jar://$USER_HOME$/Library/Java/JavaVirtualMachines/liberica-11.0.13/lib/src.zip!/jdk.aot" type="simple" />
            <root url="jar://$USER_HOME$/Library/Java/JavaVirtualMachines/liberica-11.0.13/lib/src.zip!/jdk.jdi" type="simple" />
            <root url="jar://$USER_HOME$/Library/Java/JavaVirtualMachines/liberica-11.0.13/lib/src.zip!/jdk.jfr" type="simple" />
            <root url="jar://$USER_HOME$/Library/Java/JavaVirtualMachines/liberica-11.0.13/lib/src.zip!/jdk.net" type="simple" />
            <root url="jar://$USER_HOME$/Library/Java/JavaVirtualMachines/liberica-11.0.13/lib/src.zip!/java.rmi" type="simple" />
            <root url="jar://$USER_HOME$/Library/Java/JavaVirtualMachines/liberica-11.0.13/lib/src.zip!/java.sql" type="simple" />
            <root url="jar://$USER_HOME$/Library/Java/JavaVirtualMachines/liberica-11.0.13/lib/src.zip!/java.xml" type="simple" />
            <root url="jar://$USER_HOME$/Library/Java/JavaVirtualMachines/liberica-11.0.13/lib/src.zip!/jdk.jcmd" type="simple" />
            <root url="jar://$USER_HOME$/Library/Java/JavaVirtualMachines/liberica-11.0.13/lib/src.zip!/jdk.pack" type="simple" />
            <root url="jar://$USER_HOME$/Library/Java/JavaVirtualMachines/liberica-11.0.13/lib/src.zip!/jdk.rmic" type="simple" />
            <root url="jar://$USER_HOME$/Library/Java/JavaVirtualMachines/liberica-11.0.13/lib/src.zip!/jdk.sctp" type="simple" />
            <root url="jar://$USER_HOME$/Library/Java/JavaVirtualMachines/liberica-11.0.13/lib/src.zip!/java.base" type="simple" />
            <root url="jar://$USER_HOME$/Library/Java/JavaVirtualMachines/liberica-11.0.13/lib/src.zip!/jdk.jdeps" type="simple" />
            <root url="jar://$USER_HOME$/Library/Java/JavaVirtualMachines/liberica-11.0.13/lib/src.zip!/jdk.jlink" type="simple" />
            <root url="jar://$USER_HOME$/Library/Java/JavaVirtualMachines/liberica-11.0.13/lib/src.zip!/jdk.zipfs" type="simple" />
            <root url="jar://$USER_HOME$/Library/Java/JavaVirtualMachines/liberica-11.0.13/lib/src.zip!/java.prefs" type="simple" />
            <root url="jar://$USER_HOME$/Library/Java/JavaVirtualMachines/liberica-11.0.13/lib/src.zip!/javafx.web" type="simple" />
            <root url="jar://$USER_HOME$/Library/Java/JavaVirtualMachines/liberica-11.0.13/lib/src.zip!/jdk.attach" type="simple" />
            <root url="jar://$USER_HOME$/Library/Java/JavaVirtualMachines/liberica-11.0.13/lib/src.zip!/jdk.jshell" type="simple" />
            <root url="jar://$USER_HOME$/Library/Java/JavaVirtualMachines/liberica-11.0.13/lib/src.zip!/jdk.jstatd" type="simple" />
            <root url="jar://$USER_HOME$/Library/Java/JavaVirtualMachines/liberica-11.0.13/lib/src.zip!/java.naming" type="simple" />
            <root url="jar://$USER_HOME$/Library/Java/JavaVirtualMachines/liberica-11.0.13/lib/src.zip!/javafx.base" type="simple" />
            <root url="jar://$USER_HOME$/Library/Java/JavaVirtualMachines/liberica-11.0.13/lib/src.zip!/javafx.fxml" type="simple" />
            <root url="jar://$USER_HOME$/Library/Java/JavaVirtualMachines/liberica-11.0.13/lib/src.zip!/jdk.editpad" type="simple" />
            <root url="jar://$USER_HOME$/Library/Java/JavaVirtualMachines/liberica-11.0.13/lib/src.zip!/jdk.jartool" type="simple" />
            <root url="jar://$USER_HOME$/Library/Java/JavaVirtualMachines/liberica-11.0.13/lib/src.zip!/jdk.javadoc" type="simple" />
            <root url="jar://$USER_HOME$/Library/Java/JavaVirtualMachines/liberica-11.0.13/lib/src.zip!/jdk.xml.dom" type="simple" />
            <root url="jar://$USER_HOME$/Library/Java/JavaVirtualMachines/liberica-11.0.13/lib/src.zip!/java.desktop" type="simple" />
            <root url="jar://$USER_HOME$/Library/Java/JavaVirtualMachines/liberica-11.0.13/lib/src.zip!/java.logging" type="simple" />
            <root url="jar://$USER_HOME$/Library/Java/JavaVirtualMachines/liberica-11.0.13/lib/src.zip!/javafx.media" type="simple" />
            <root url="jar://$USER_HOME$/Library/Java/JavaVirtualMachines/liberica-11.0.13/lib/src.zip!/javafx.swing" type="simple" />
            <root url="jar://$USER_HOME$/Library/Java/JavaVirtualMachines/liberica-11.0.13/lib/src.zip!/jdk.charsets" type="simple" />
            <root url="jar://$USER_HOME$/Library/Java/JavaVirtualMachines/liberica-11.0.13/lib/src.zip!/jdk.compiler" type="simple" />
            <root url="jar://$USER_HOME$/Library/Java/JavaVirtualMachines/liberica-11.0.13/lib/src.zip!/jdk.dynalink" type="simple" />
            <root url="jar://$USER_HOME$/Library/Java/JavaVirtualMachines/liberica-11.0.13/lib/src.zip!/jdk.jconsole" type="simple" />
            <root url="jar://$USER_HOME$/Library/Java/JavaVirtualMachines/liberica-11.0.13/lib/src.zip!/jdk.jsobject" type="simple" />
            <root url="jar://$USER_HOME$/Library/Java/JavaVirtualMachines/liberica-11.0.13/lib/src.zip!/jdk.packager" type="simple" />
            <root url="jar://$USER_HOME$/Library/Java/JavaVirtualMachines/liberica-11.0.13/lib/src.zip!/java.compiler" type="simple" />
            <root url="jar://$USER_HOME$/Library/Java/JavaVirtualMachines/liberica-11.0.13/lib/src.zip!/java.net.http" type="simple" />
            <root url="jar://$USER_HOME$/Library/Java/JavaVirtualMachines/liberica-11.0.13/lib/src.zip!/jdk.crypto.ec" type="simple" />
            <root url="jar://$USER_HOME$/Library/Java/JavaVirtualMachines/liberica-11.0.13/lib/src.zip!/java.scripting" type="simple" />
            <root url="jar://$USER_HOME$/Library/Java/JavaVirtualMachines/liberica-11.0.13/lib/src.zip!/jdk.httpserver" type="simple" />
            <root url="jar://$USER_HOME$/Library/Java/JavaVirtualMachines/liberica-11.0.13/lib/src.zip!/jdk.jdwp.agent" type="simple" />
            <root url="jar://$USER_HOME$/Library/Java/JavaVirtualMachines/liberica-11.0.13/lib/src.zip!/jdk.localedata" type="simple" />
            <root url="jar://$USER_HOME$/Library/Java/JavaVirtualMachines/liberica-11.0.13/lib/src.zip!/jdk.management" type="simple" />
            <root url="jar://$USER_HOME$/Library/Java/JavaVirtualMachines/liberica-11.0.13/lib/src.zip!/jdk.naming.dns" type="simple" />
            <root url="jar://$USER_HOME$/Library/Java/JavaVirtualMachines/liberica-11.0.13/lib/src.zip!/jdk.naming.rmi" type="simple" />
            <root url="jar://$USER_HOME$/Library/Java/JavaVirtualMachines/liberica-11.0.13/lib/src.zip!/java.instrument" type="simple" />
            <root url="jar://$USER_HOME$/Library/Java/JavaVirtualMachines/liberica-11.0.13/lib/src.zip!/java.management" type="simple" />
            <root url="jar://$USER_HOME$/Library/Java/JavaVirtualMachines/liberica-11.0.13/lib/src.zip!/java.sql.rowset" type="simple" />
            <root url="jar://$USER_HOME$/Library/Java/JavaVirtualMachines/liberica-11.0.13/lib/src.zip!/java.xml.crypto" type="simple" />
            <root url="jar://$USER_HOME$/Library/Java/JavaVirtualMachines/liberica-11.0.13/lib/src.zip!/javafx.controls" type="simple" />
            <root url="jar://$USER_HOME$/Library/Java/JavaVirtualMachines/liberica-11.0.13/lib/src.zip!/javafx.graphics" type="simple" />
            <root url="jar://$USER_HOME$/Library/Java/JavaVirtualMachines/liberica-11.0.13/lib/src.zip!/jdk.internal.ed" type="simple" />
            <root url="jar://$USER_HOME$/Library/Java/JavaVirtualMachines/liberica-11.0.13/lib/src.zip!/jdk.internal.le" type="simple" />
            <root url="jar://$USER_HOME$/Library/Java/JavaVirtualMachines/liberica-11.0.13/lib/src.zip!/jdk.naming.ldap" type="simple" />
            <root url="jar://$USER_HOME$/Library/Java/JavaVirtualMachines/liberica-11.0.13/lib/src.zip!/jdk.unsupported" type="simple" />
            <root url="jar://$USER_HOME$/Library/Java/JavaVirtualMachines/liberica-11.0.13/lib/src.zip!/java.smartcardio" type="simple" />
            <root url="jar://$USER_HOME$/Library/Java/JavaVirtualMachines/liberica-11.0.13/lib/src.zip!/jdk.internal.opt" type="simple" />
            <root url="jar://$USER_HOME$/Library/Java/JavaVirtualMachines/liberica-11.0.13/lib/src.zip!/java.datatransfer" type="simple" />
            <root url="jar://$USER_HOME$/Library/Java/JavaVirtualMachines/liberica-11.0.13/lib/src.zip!/jdk.accessibility" type="simple" />
            <root url="jar://$USER_HOME$/Library/Java/JavaVirtualMachines/liberica-11.0.13/lib/src.zip!/jdk.hotspot.agent" type="simple" />
            <root url="jar://$USER_HOME$/Library/Java/JavaVirtualMachines/liberica-11.0.13/lib/src.zip!/jdk.security.auth" type="simple" />
            <root url="jar://$USER_HOME$/Library/Java/JavaVirtualMachines/liberica-11.0.13/lib/src.zip!/jdk.security.jgss" type="simple" />
            <root url="jar://$USER_HOME$/Library/Java/JavaVirtualMachines/liberica-11.0.13/lib/src.zip!/java.security.jgss" type="simple" />
            <root url="jar://$USER_HOME$/Library/Java/JavaVirtualMachines/liberica-11.0.13/lib/src.zip!/java.security.sasl" type="simple" />
            <root url="jar://$USER_HOME$/Library/Java/JavaVirtualMachines/liberica-11.0.13/lib/src.zip!/jdk.internal.vm.ci" type="simple" />
            <root url="jar://$USER_HOME$/Library/Java/JavaVirtualMachines/liberica-11.0.13/lib/src.zip!/jdk.management.jfr" type="simple" />
            <root url="jar://$USER_HOME$/Library/Java/JavaVirtualMachines/liberica-11.0.13/lib/src.zip!/java.management.rmi" type="simple" />
            <root url="jar://$USER_HOME$/Library/Java/JavaVirtualMachines/liberica-11.0.13/lib/src.zip!/java.transaction.xa" type="simple" />
            <root url="jar://$USER_HOME$/Library/Java/JavaVirtualMachines/liberica-11.0.13/lib/src.zip!/jdk.crypto.cryptoki" type="simple" />
            <root url="jar://$USER_HOME$/Library/Java/JavaVirtualMachines/liberica-11.0.13/lib/src.zip!/jdk.internal.jvmstat" type="simple" />
            <root url="jar://$USER_HOME$/Library/Java/JavaVirtualMachines/liberica-11.0.13/lib/src.zip!/jdk.management.agent" type="simple" />
            <root url="jar://$USER_HOME$/Library/Java/JavaVirtualMachines/liberica-11.0.13/lib/src.zip!/jdk.packager.services" type="simple" />
            <root url="jar://$USER_HOME$/Library/Java/JavaVirtualMachines/liberica-11.0.13/lib/src.zip!/jdk.scripting.nashorn" type="simple" />
            <root url="jar://$USER_HOME$/Library/Java/JavaVirtualMachines/liberica-11.0.13/lib/src.zip!/jdk.unsupported.desktop" type="simple" />
            <root url="jar://$USER_HOME$/Library/Java/JavaVirtualMachines/liberica-11.0.13/lib/src.zip!/jdk.internal.vm.compiler" type="simple" />
            <root url="jar://$USER_HOME$/Library/Java/JavaVirtualMachines/liberica-11.0.13/lib/src.zip!/jdk.scripting.nashorn.shell" type="simple" />
            <root url="jar://$USER_HOME$/Library/Java/JavaVirtualMachines/liberica-11.0.13/lib/src.zip!/jdk.internal.vm.compiler.management" type="simple" />
          </root>
        </sourcePath>
      </roots>
      <additional />
    </jdk>
    <jdk version="2">
      <name value="jbr-11" />
      <type value="JavaSDK" />
      <version value="JetBrains Runtime version 11.0.12" />
      <homePath value="$APPLICATION_HOME_DIR$/jbr/Contents/Home" />
      <roots>
        <annotationsPath>
          <root type="composite">
            <root url="jar://$APPLICATION_HOME_DIR$/plugins/java/lib/jdkAnnotations.jar!/" type="simple" />
          </root>
        </annotationsPath>
        <classPath>
          <root type="composite">
            <root url="jrt:///Applications/IntelliJ IDEA CE.app/Contents/jbr/Contents/Home!/gluegen.rt" type="simple" />
            <root url="jrt:///Applications/IntelliJ IDEA CE.app/Contents/jbr/Contents/Home!/java.base" type="simple" />
            <root url="jrt:///Applications/IntelliJ IDEA CE.app/Contents/jbr/Contents/Home!/java.compiler" type="simple" />
            <root url="jrt:///Applications/IntelliJ IDEA CE.app/Contents/jbr/Contents/Home!/java.datatransfer" type="simple" />
            <root url="jrt:///Applications/IntelliJ IDEA CE.app/Contents/jbr/Contents/Home!/java.desktop" type="simple" />
            <root url="jrt:///Applications/IntelliJ IDEA CE.app/Contents/jbr/Contents/Home!/java.instrument" type="simple" />
            <root url="jrt:///Applications/IntelliJ IDEA CE.app/Contents/jbr/Contents/Home!/java.logging" type="simple" />
            <root url="jrt:///Applications/IntelliJ IDEA CE.app/Contents/jbr/Contents/Home!/java.management" type="simple" />
            <root url="jrt:///Applications/IntelliJ IDEA CE.app/Contents/jbr/Contents/Home!/java.management.rmi" type="simple" />
            <root url="jrt:///Applications/IntelliJ IDEA CE.app/Contents/jbr/Contents/Home!/java.naming" type="simple" />
            <root url="jrt:///Applications/IntelliJ IDEA CE.app/Contents/jbr/Contents/Home!/java.net.http" type="simple" />
            <root url="jrt:///Applications/IntelliJ IDEA CE.app/Contents/jbr/Contents/Home!/java.prefs" type="simple" />
            <root url="jrt:///Applications/IntelliJ IDEA CE.app/Contents/jbr/Contents/Home!/java.rmi" type="simple" />
            <root url="jrt:///Applications/IntelliJ IDEA CE.app/Contents/jbr/Contents/Home!/java.scripting" type="simple" />
            <root url="jrt:///Applications/IntelliJ IDEA CE.app/Contents/jbr/Contents/Home!/java.se" type="simple" />
            <root url="jrt:///Applications/IntelliJ IDEA CE.app/Contents/jbr/Contents/Home!/java.security.jgss" type="simple" />
            <root url="jrt:///Applications/IntelliJ IDEA CE.app/Contents/jbr/Contents/Home!/java.security.sasl" type="simple" />
            <root url="jrt:///Applications/IntelliJ IDEA CE.app/Contents/jbr/Contents/Home!/java.smartcardio" type="simple" />
            <root url="jrt:///Applications/IntelliJ IDEA CE.app/Contents/jbr/Contents/Home!/java.sql" type="simple" />
            <root url="jrt:///Applications/IntelliJ IDEA CE.app/Contents/jbr/Contents/Home!/java.sql.rowset" type="simple" />
            <root url="jrt:///Applications/IntelliJ IDEA CE.app/Contents/jbr/Contents/Home!/java.transaction.xa" type="simple" />
            <root url="jrt:///Applications/IntelliJ IDEA CE.app/Contents/jbr/Contents/Home!/java.xml" type="simple" />
            <root url="jrt:///Applications/IntelliJ IDEA CE.app/Contents/jbr/Contents/Home!/java.xml.crypto" type="simple" />
            <root url="jrt:///Applications/IntelliJ IDEA CE.app/Contents/jbr/Contents/Home!/jcef" type="simple" />
            <root url="jrt:///Applications/IntelliJ IDEA CE.app/Contents/jbr/Contents/Home!/jdk.accessibility" type="simple" />
            <root url="jrt:///Applications/IntelliJ IDEA CE.app/Contents/jbr/Contents/Home!/jdk.attach" type="simple" />
            <root url="jrt:///Applications/IntelliJ IDEA CE.app/Contents/jbr/Contents/Home!/jdk.charsets" type="simple" />
            <root url="jrt:///Applications/IntelliJ IDEA CE.app/Contents/jbr/Contents/Home!/jdk.compiler" type="simple" />
            <root url="jrt:///Applications/IntelliJ IDEA CE.app/Contents/jbr/Contents/Home!/jdk.crypto.cryptoki" type="simple" />
            <root url="jrt:///Applications/IntelliJ IDEA CE.app/Contents/jbr/Contents/Home!/jdk.crypto.ec" type="simple" />
            <root url="jrt:///Applications/IntelliJ IDEA CE.app/Contents/jbr/Contents/Home!/jdk.dynalink" type="simple" />
            <root url="jrt:///Applications/IntelliJ IDEA CE.app/Contents/jbr/Contents/Home!/jdk.hotspot.agent" type="simple" />
            <root url="jrt:///Applications/IntelliJ IDEA CE.app/Contents/jbr/Contents/Home!/jdk.httpserver" type="simple" />
            <root url="jrt:///Applications/IntelliJ IDEA CE.app/Contents/jbr/Contents/Home!/jdk.internal.ed" type="simple" />
            <root url="jrt:///Applications/IntelliJ IDEA CE.app/Contents/jbr/Contents/Home!/jdk.internal.jvmstat" type="simple" />
            <root url="jrt:///Applications/IntelliJ IDEA CE.app/Contents/jbr/Contents/Home!/jdk.internal.le" type="simple" />
            <root url="jrt:///Applications/IntelliJ IDEA CE.app/Contents/jbr/Contents/Home!/jdk.internal.vm.ci" type="simple" />
            <root url="jrt:///Applications/IntelliJ IDEA CE.app/Contents/jbr/Contents/Home!/jdk.jcmd" type="simple" />
            <root url="jrt:///Applications/IntelliJ IDEA CE.app/Contents/jbr/Contents/Home!/jdk.jdi" type="simple" />
            <root url="jrt:///Applications/IntelliJ IDEA CE.app/Contents/jbr/Contents/Home!/jdk.jdwp.agent" type="simple" />
            <root url="jrt:///Applications/IntelliJ IDEA CE.app/Contents/jbr/Contents/Home!/jdk.jfr" type="simple" />
            <root url="jrt:///Applications/IntelliJ IDEA CE.app/Contents/jbr/Contents/Home!/jdk.jsobject" type="simple" />
            <root url="jrt:///Applications/IntelliJ IDEA CE.app/Contents/jbr/Contents/Home!/jdk.localedata" type="simple" />
            <root url="jrt:///Applications/IntelliJ IDEA CE.app/Contents/jbr/Contents/Home!/jdk.management" type="simple" />
            <root url="jrt:///Applications/IntelliJ IDEA CE.app/Contents/jbr/Contents/Home!/jdk.management.agent" type="simple" />
            <root url="jrt:///Applications/IntelliJ IDEA CE.app/Contents/jbr/Contents/Home!/jdk.management.jfr" type="simple" />
            <root url="jrt:///Applications/IntelliJ IDEA CE.app/Contents/jbr/Contents/Home!/jdk.naming.dns" type="simple" />
            <root url="jrt:///Applications/IntelliJ IDEA CE.app/Contents/jbr/Contents/Home!/jdk.naming.rmi" type="simple" />
            <root url="jrt:///Applications/IntelliJ IDEA CE.app/Contents/jbr/Contents/Home!/jdk.net" type="simple" />
            <root url="jrt:///Applications/IntelliJ IDEA CE.app/Contents/jbr/Contents/Home!/jdk.pack" type="simple" />
            <root url="jrt:///Applications/IntelliJ IDEA CE.app/Contents/jbr/Contents/Home!/jdk.scripting.nashorn" type="simple" />
            <root url="jrt:///Applications/IntelliJ IDEA CE.app/Contents/jbr/Contents/Home!/jdk.scripting.nashorn.shell" type="simple" />
            <root url="jrt:///Applications/IntelliJ IDEA CE.app/Contents/jbr/Contents/Home!/jdk.sctp" type="simple" />
            <root url="jrt:///Applications/IntelliJ IDEA CE.app/Contents/jbr/Contents/Home!/jdk.security.auth" type="simple" />
            <root url="jrt:///Applications/IntelliJ IDEA CE.app/Contents/jbr/Contents/Home!/jdk.security.jgss" type="simple" />
            <root url="jrt:///Applications/IntelliJ IDEA CE.app/Contents/jbr/Contents/Home!/jdk.unsupported" type="simple" />
            <root url="jrt:///Applications/IntelliJ IDEA CE.app/Contents/jbr/Contents/Home!/jdk.xml.dom" type="simple" />
            <root url="jrt:///Applications/IntelliJ IDEA CE.app/Contents/jbr/Contents/Home!/jdk.zipfs" type="simple" />
            <root url="jrt:///Applications/IntelliJ IDEA CE.app/Contents/jbr/Contents/Home!/jogl.all" type="simple" />
          </root>
        </classPath>
        <javadocPath>
          <root type="composite">
            <root url="https://docs.oracle.com/en/java/javase/11/docs/api/" type="simple" />
          </root>
        </javadocPath>
        <sourcePath>
          <root type="composite" />
        </sourcePath>
      </roots>
      <additional />
    </jdk>
    <jdk version="2">
      <name value="Android API 30 Platform" />
      <type value="Android SDK" />
      <homePath value="$USER_HOME$/Library/Android/sdk" />
      <roots>
        <annotationsPath>
          <root type="composite">
            <root url="jar://$USER_HOME$/Library/Android/sdk/platforms/android-30/data/annotations.zip!/" type="simple" />
          </root>
        </annotationsPath>
        <classPath>
          <root type="composite">
            <root url="jar://$USER_HOME$/Library/Android/sdk/platforms/android-30/android.jar!/" type="simple" />
            <root url="file://$USER_HOME$/Library/Android/sdk/platforms/android-30/data/res" type="simple" />
          </root>
        </classPath>
        <javadocPath>
          <root type="composite">
            <root url="http://developer.android.com/reference/" type="simple" />
          </root>
        </javadocPath>
        <sourcePath>
          <root type="composite" />
        </sourcePath>
      </roots>
      <additional jdk="jbr-11" sdk="android-30" />
    </jdk>
    <jdk version="2">
      <name value="Android API 31 Platform" />
      <type value="Android SDK" />
      <homePath value="$USER_HOME$/Library/Android/sdk" />
      <roots>
        <annotationsPath>
          <root type="composite">
            <root url="jar://$USER_HOME$/Library/Android/sdk/platforms/android-31/data/annotations.zip!/" type="simple" />
          </root>
        </annotationsPath>
        <classPath>
          <root type="composite">
            <root url="jar://$USER_HOME$/Library/Android/sdk/platforms/android-31/android.jar!/" type="simple" />
            <root url="file://$USER_HOME$/Library/Android/sdk/platforms/android-31/data/res" type="simple" />
          </root>
        </classPath>
        <javadocPath>
          <root type="composite" />
        </javadocPath>
        <sourcePath>
          <root type="composite">
            <root url="file://$USER_HOME$/Library/Android/sdk/sources/android-31" type="simple" />
          </root>
        </sourcePath>
      </roots>
      <additional jdk="jbr-11" sdk="android-31" />
    </jdk>
  </component>
</application>