<application>
  <component name="ProjectJdkTable">
    <jdk version="2">
      <name value="11" />
      <type value="JavaSDK" />
      <version value="BellSoft Liberica JDK version 11.0.13" />
      <homePath value="$USER_HOME$/Library/Java/JavaVirtualMachines/liberica-11.0.13" />
      <roots>
        <annotationsPath>
          <root type="composite">
            <root url="jar://$APPLICATION_HOME_DIR$/plugins/java/lib/jdkAnnotations.jar!/" type="simple" />
          </root>
        </annotationsPath>
        <classPath>
          <root type="composite">
            <root url="jrt:///Users/Aditya.Pratama/Library/Java/JavaVirtualMachines/liberica-11.0.13!/java.base" type="simple" />
            <root url="jrt:///Users/Aditya.Pratama/Library/Java/JavaVirtualMachines/liberica-11.0.13!/java.compiler" type="simple" />
            <root url="jrt:///Users/Aditya.Pratama/Library/Java/JavaVirtualMachines/liberica-11.0.13!/java.datatransfer" type="simple" />
            <root url="jrt:///Users/Aditya.Pratama/Library/Java/JavaVirtualMachines/liberica-11.0.13!/java.desktop" type="simple" />
            <root url="jrt:///Users/Aditya.Pratama/Library/Java/JavaVirtualMachines/liberica-11.0.13!/java.instrument" type="simple" />
            <root url="jrt:///Users/Aditya.Pratama/Library/Java/JavaVirtualMachines/liberica-11.0.13!/java.logging" type="simple" />
            <root url="jrt:///Users/Aditya.Pratama/Library/Java/JavaVirtualMachines/liberica-11.0.13!/java.management" type="simple" />
            <root url="jrt:///Users/Aditya.Pratama/Library/Java/JavaVirtualMachines/liberica-11.0.13!/java.management.rmi" type="simple" />
            <root url="jrt:///Users/Aditya.Pratama/Library/Java/JavaVirtualMachines/liberica-11.0.13!/java.naming" type="simple" />
            <root url="jrt:///Users/Aditya.Pratama/Library/Java/JavaVirtualMachines/liberica-11.0.13!/java.net.http" type="simple" />
            <root url="jrt:///Users/Aditya.Pratama/Library/Java/JavaVirtualMachines/liberica-11.0.13!/java.prefs" type="simple" />
            <root url="jrt:///Users/Aditya.Pratama/Library/Java/JavaVirtualMachines/liberica-11.0.13!/java.rmi" type="simple" />
            <root url="jrt:///Users/Aditya.Pratama/Library/Java/JavaVirtualMachines/liberica-11.0.13!/java.scripting" type="simple" />
            <root url="jrt:///Users/Aditya.Pratama/Library/Java/JavaVirtualMachines/liberica-11.0.13!/java.se" type="simple" />
            <root url="jrt:///Users/Aditya.Pratama/Library/Java/JavaVirtualMachines/liberica-11.0.13!/java.security.jgss" type="simple" />
            <root url="jrt:///Users/Aditya.Pratama/Library/Java/JavaVirtualMachines/liberica-11.0.13!/java.security.sasl" type="simple" />
            <root url="jrt:///Users/Aditya.Pratama/Library/Java/JavaVirtualMachines/liberica-11.0.13!/java.smartcardio" type="simple" />
            <root url="jrt:///Users/Aditya.Pratama/Library/Java/JavaVirtualMachines/liberica-11.0.13!/java.sql" type="simple" />
            <root url="jrt:///Users/Aditya.Pratama/Library/Java/JavaVirtualMachines/liberica-11.0.13!/java.sql.rowset" type="simple" />
            <root url="jrt:///Users/Aditya.Pratama/Library/Java/JavaVirtualMachines/liberica-11.0.13!/java.transaction.xa" type="simple" />
            <root url="jrt:///Users/Aditya.Pratama/Library/Java/JavaVirtualMachines/liberica-11.0.13!/java.xml" type="simple" />
            <root url="jrt:///Users/Aditya.Pratama/Library/Java/JavaVirtualMachines/liberica-11.0.13!/java.xml.crypto" type="simple" />
            <root url="jrt:///Users/Aditya.Pratama/Library/Java/JavaVirtualMachines/liberica-11.0.13!/javafx.base" type="simple" />
            <root url="jrt:///Users/Aditya.Pratama/Library/Java/JavaVirtualMachines/liberica-11.0.13!/javafx.controls" type="simple" />
            <root url="jrt:///Users/Aditya.Pratama/Library/Java/JavaVirtualMachines/liberica-11.0.13!/javafx.fxml" type="simple" />
            <root url="jrt:///Users/Aditya.Pratama/Library/Java/JavaVirtualMachines/liberica-11.0.13!/javafx.graphics" type="simple" />
            <root url="jrt:///Users/Aditya.Pratama/Library/Java/JavaVirtualMachines/liberica-11.0.13!/javafx.media" type="simple" />
            <root url="jrt:///Users/Aditya.Pratama/Library/Java/JavaVirtualMachines/liberica-11.0.13!/javafx.swing" type="simple" />
            <root url="jrt:///Users/Aditya.Pratama/Library/Java/JavaVirtualMachines/liberica-11.0.13!/javafx.web" type="simple" />
            <root url="jrt:///Users/Aditya.Pratama/Library/Java/JavaVirtualMachines/liberica-11.0.13!/jdk.accessibility" type="simple" />
            <root url="jrt:///Users/Aditya.Pratama/Library/Java/JavaVirtualMachines/liberica-11.0.13!/jdk.aot" type="simple" />
            <root url="jrt:///Users/Aditya.Pratama/Library/Java/JavaVirtualMachines/liberica-11.0.13!/jdk.attach" type="simple" />
            <root url="jrt:///Users/Aditya.Pratama/Library/Java/JavaVirtualMachines/liberica-11.0.13!/jdk.charsets" type="simple" />
            <root url="jrt:///Users/Aditya.Pratama/Library/Java/JavaVirtualMachines/liberica-11.0.13!/jdk.compiler" type="simple" />
            <root url="jrt:///Users/Aditya.Pratama/Library/Java/JavaVirtualMachines/liberica-11.0.13!/jdk.crypto.cryptoki" type="simple" />
            <root url="jrt:///Users/Aditya.Pratama/Library/Java/JavaVirtualMachines/liberica-11.0.13!/jdk.crypto.ec" type="simple" />
            <root url="jrt:///Users/Aditya.Pratama/Library/Java/JavaVirtualMachines/liberica-11.0.13!/jdk.dynalink" type="simple" />
            <root url="jrt:///Users/Aditya.Pratama/Library/Java/JavaVirtualMachines/liberica-11.0.13!/jdk.editpad" type="simple" />
            <root url="jrt:///Users/Aditya.Pratama/Library/Java/JavaVirtualMachines/liberica-11.0.13!/jdk.hotspot.agent" type="simple" />
            <root url="jrt:///Users/Aditya.Pratama/Library/Java/JavaVirtualMachines/liberica-11.0.13!/jdk.httpserver" type="simple" />
            <root url="jrt:///Users/Aditya.Pratama/Library/Java/JavaVirtualMachines/liberica-11.0.13!/jdk.internal.ed" type="simple" />
            <root url="jrt:///Users/Aditya.Pratama/Library/Java/JavaVirtualMachines/liberica-11.0.13!/jdk.internal.jvmstat" type="simple" />
            <root url="jrt:///Users/Aditya.Pratama/Library/Java/JavaVirtualMachines/liberica-11.0.13!/jdk.internal.le" type="simple" />
            <root url="jrt:///Users/Aditya.Pratama/Library/Java/JavaVirtualMachines/liberica-11.0.13!/jdk.internal.opt" type="simple" />
            <root url="jrt:///Users/Aditya.Pratama/Library/Java/JavaVirtualMachines/liberica-11.0.13!/jdk.internal.vm.ci" type="simple" />
            <root url="jrt:///Users/Aditya.Pratama/Library/Java/JavaVirtualMachines/liberica-11.0.13!/jdk.internal.vm.compiler" type="simple" />
            <root url="jrt:///Users/Aditya.Pratama/Library/Java/JavaVirtualMachines/liberica-11.0.13!/jdk.internal.vm.compiler.management" type="simple" />
            <root url="jrt:///Users/Aditya.Pratama/Library/Java/JavaVirtualMachines/liberica-11.0.13!/jdk.jartool" type="simple" />
            <root url="jrt:///Users/Aditya.Pratama/Library/Java/JavaVirtualMachines/liberica-11.0.13!/jdk.javadoc" type="simple" />
            <root url="jrt:///Users/Aditya.Pratama/Library/Java/JavaVirtualMachines/liberica-11.0.13!/jdk.jcmd" type="simple" />
            <root url="jrt:///Users/Aditya.Pratama/Library/Java/JavaVirtualMachines/liberica-11.0.13!/jdk.jconsole" type="simple" />
            <root url="jrt:///Users/Aditya.Pratama/Library/Java/JavaVirtualMachines/liberica-11.0.13!/jdk.jdeps" type="simple" />
            <root url="jrt:///Users/Aditya.Pratama/Library/Java/JavaVirtualMachines/liberica-11.0.13!/jdk.jdi" type="simple" />
            <root url="jrt:///Users/Aditya.Pratama/Library/Java/JavaVirtualMachines/liberica-11.0.13!/jdk.jdwp.agent" type="simple" />
            <root url="jrt:///Users/Aditya.Pratama/Library/Java/JavaVirtualMachines/liberica-11.0.13!/jdk.jfr" type="simple" />
            <root url="jrt:///Users/Aditya.Pratama/Library/Java/JavaVirtualMachines/liberica-11.0.13!/jdk.jlink" type="simple" />
            <root url="jrt:///Users/Aditya.Pratama/Library/Java/JavaVirtualMachines/liberica-11.0.13!/jdk.jshell" type="simple" />
            <root url="jrt:///Users/Aditya.Pratama/Library/Java/JavaVirtualMachines/liberica-11.0.13!/jdk.jsobject" type="simple" />
            <root url="jrt:///Users/Aditya.Pratama/Library/Java/JavaVirtualMachines/liberica-11.0.13!/jdk.jstatd" type="simple" />
            <root url="jrt:///Users/Aditya.Pratama/Library/Java/JavaVirtualMachines/liberica-11.0.13!/jdk.localedata" type="simple" />
            <root url="jrt:///Users/Aditya.Pratama/Library/Java/JavaVirtualMachines/liberica-11.0.13!/jdk.management" type="simple" />
            <root url="jrt:///Users/Aditya.Pratama/Library/Java/JavaVirtualMachines/liberica-11.0.13!/jdk.management.agent" type="simple" />
            <root url="jrt:///Users/Aditya.Pratama/Library/Java/JavaVirtualMachines/liberica-11.0.13!/jdk.management.jfr" type="simple" />
            <root url="jrt:///Users/Aditya.Pratama/Library/Java/JavaVirtualMachines/liberica-11.0.13!/jdk.naming.dns" type="simple" />
            <root url="jrt:///Users/Aditya.Pratama/Library/Java/JavaVirtualMachines/liberica-11.0.13!/jdk.naming.ldap" type="simple" />
            <root url="jrt:///Users/Aditya.Pratama/Library/Java/JavaVirtualMachines/liberica-11.0.13!/jdk.naming.rmi" type="simple" />
            <root url="jrt:///Users/Aditya.Pratama/Library/Java/JavaVirtualMachines/liberica-11.0.13!/jdk.net" type="simple" />
            <root url="jrt:///Users/Aditya.Pratama/Library/Java/JavaVirtualMachines/liberica-11.0.13!/jdk.pack" type="simple" />
            <root url="jrt:///Users/Aditya.Pratama/Library/Java/JavaVirtualMachines/liberica-11.0.13!/jdk.packager" type="simple" />
            <root url="jrt:///Users/Aditya.Pratama/Library/Java/JavaVirtualMachines/liberica-11.0.13!/jdk.packager.services" type="simple" />
            <root url="jrt:///Users/Aditya.Pratama/Library/Java/JavaVirtualMachines/liberica-11.0.13!/jdk.rmic" type="simple" />
            <root url="jrt:///Users/Aditya.Pratama/Library/Java/JavaVirtualMachines/liberica-11.0.13!/jdk.scripting.nashorn" type="simple" />
            <root url="jrt:///Users/Aditya.Pratama/Library/Java/JavaVirtualMachines/liberica-11.0.13!/jdk.scripting.nashorn.shell" type="simple" />
            <root url="jrt:///Users/Aditya.Pratama/Library/Java/JavaVirtualMachines/liberica-11.0.13!/jdk.sctp" type="simple" />
            <root url="jrt:///Users/Aditya.Pratama/Library/Java/JavaVirtualMachines/liberica-11.0.13!/jdk.security.auth" type="simple" />
            <root url="jrt:///Users/Aditya.Pratama/Library/Java/JavaVirtualMachines/liberica-11.0.13!/jdk.security.jgss" type="simple" />
            <root url="jrt:///Users/Aditya.Pratama/Library/Java/JavaVirtualMachines/liberica-11.0.13!/jdk.unsupported" type="simple" />
            <root url="jrt:///Users/Aditya.Pratama/Library/Java/JavaVirtualMachines/liberica-11.0.13!/jdk.unsupported.desktop" type="simple" />
            <root url="jrt:///Users/Aditya.Pratama/Library/Java/JavaVirtualMachines/liberica-11.0.13!/jdk.xml.dom" type="simple" />
            <root url="jrt:///Users/Aditya.Pratama/Library/Java/JavaVirtualMachines/liberica-11.0.13!/jdk.zipfs" type="simple" />
          </root>
        </classPath>
        <javadocPath>
          <root type="composite" />
        </javadocPath>
        <sourcePath>
          <root type="composite">
            <root url="jar://$USER_HOME$/Library/Java/JavaVirtualMachines/liberica-11.0.13/lib/src.zip!/java.se" type="simple" />
            <root url="jar://$USER_HOME$/Library/Java/JavaVirtualMachines/liberica-11.0.13/lib/src.zip!/jdk.aot" type="simple" />
            <root url="jar://$USER_HOME$/Library/Java/JavaVirtualMachines/liberica-11.0.13/lib/src.zip!/jdk.jdi" type="simple" />
            <root url="jar://$USER_HOME$/Library/Java/JavaVirtualMachines/liberica-11.0.13/lib/src.zip!/jdk.jfr" type="simple" />
            <root url="jar://$USER_HOME$/Library/Java/JavaVirtualMachines/liberica-11.0.13/lib/src.zip!/jdk.net" type="simple" />
            <root url="jar://$USER_HOME$/Library/Java/JavaVirtualMachines/liberica-11.0.13/lib/src.zip!/java.rmi" type="simple" />
            <root url="jar://$USER_HOME$/Library/Java/JavaVirtualMachines/liberica-11.0.13/lib/src.zip!/java.sql" type="simple" />
            <root url="jar://$USER_HOME$/Library/Java/JavaVirtualMachines/liberica-11.0.13/lib/src.zip!/java.xml" type="simple" />
            <root url="jar://$USER_HOME$/Library/Java/JavaVirtualMachines/liberica-11.0.13/lib/src.zip!/jdk.jcmd" type="simple" />
            <root url="jar://$USER_HOME$/Library/Java/JavaVirtualMachines/liberica-11.0.13/lib/src.zip!/jdk.pack" type="simple" />
            <root url="jar://$USER_HOME$/Library/Java/JavaVirtualMachines/liberica-11.0.13/lib/src.zip!/jdk.rmic" type="simple" />
            <root url="jar://$USER_HOME$/Library/Java/JavaVirtualMachines/liberica-11.0.13/lib/src.zip!/jdk.sctp" type="simple" />
            <root url="jar://$USER_HOME$/Library/Java/JavaVirtualMachines/liberica-11.0.13/lib/src.zip!/java.base" type="simple" />
            <root url="jar://$USER_HOME$/Library/Java/JavaVirtualMachines/liberica-11.0.13/lib/src.zip!/jdk.jdeps" type="simple" />
            <root url="jar://$USER_HOME$/Library/Java/JavaVirtualMachines/liberica-11.0.13/lib/src.zip!/jdk.jlink" type="simple" />
            <root url="jar://$USER_HOME$/Library/Java/JavaVirtualMachines/liberica-11.0.13/lib/src.zip!/jdk.zipfs" type="simple" />
            <root url="jar://$USER_HOME$/Library/Java/JavaVirtualMachines/liberica-11.0.13/lib/src.zip!/java.prefs" type="simple" />
            <root url="jar://$USER_HOME$/Library/Java/JavaVirtualMachines/liberica-11.0.13/lib/src.zip!/javafx.web" type="simple" />
            <root url="jar://$USER_HOME$/Library/Java/JavaVirtualMachines/liberica-11.0.13/lib/src.zip!/jdk.attach" type="simple" />
            <root url="jar://$USER_HOME$/Library/Java/JavaVirtualMachines/liberica-11.0.13/lib/src.zip!/jdk.jshell" type="simple" />
            <root url="jar://$USER_HOME$/Library/Java/JavaVirtualMachines/liberica-11.0.13/lib/src.zip!/jdk.jstatd" type="simple" />
            <root url="jar://$USER_HOME$/Library/Java/JavaVirtualMachines/liberica-11.0.13/lib/src.zip!/java.naming" type="simple" />
            <root url="jar://$USER_HOME$/Library/Java/JavaVirtualMachines/liberica-11.0.13/lib/src.zip!/javafx.base" type="simple" />
            <root url="jar://$USER_HOME$/Library/Java/JavaVirtualMachines/liberica-11.0.13/lib/src.zip!/javafx.fxml" type="simple" />
            <root url="jar://$USER_HOME$/Library/Java/JavaVirtualMachines/liberica-11.0.13/lib/src.zip!/jdk.editpad" type="simple" />
            <root url="jar://$USER_HOME$/Library/Java/JavaVirtualMachines/liberica-11.0.13/lib/src.zip!/jdk.jartool" type="simple" />
            <root url="jar://$USER_HOME$/Library/Java/JavaVirtualMachines/liberica-11.0.13/lib/src.zip!/jdk.javadoc" type="simple" />
            <root url="jar://$USER_HOME$/Library/Java/JavaVirtualMachines/liberica-11.0.13/lib/src.zip!/jdk.xml.dom" type="simple" />
            <root url="jar://$USER_HOME$/Library/Java/JavaVirtualMachines/liberica-11.0.13/lib/src.zip!/java.desktop" type="simple" />
            <root url="jar://$USER_HOME$/Library/Java/JavaVirtualMachines/liberica-11.0.13/lib/src.zip!/java.logging" type="simple" />
            <root url="jar://$USER_HOME$/Library/Java/JavaVirtualMachines/liberica-11.0.13/lib/src.zip!/javafx.media" type="simple" />
            <root url="jar://$USER_HOME$/Library/Java/JavaVirtualMachines/liberica-11.0.13/lib/src.zip!/javafx.swing" type="simple" />
            <root url="jar://$USER_HOME$/Library/Java/JavaVirtualMachines/liberica-11.0.13/lib/src.zip!/jdk.charsets" type="simple" />
            <root url="jar://$USER_HOME$/Library/Java/JavaVirtualMachines/liberica-11.0.13/lib/src.zip!/jdk.compiler" type="simple" />
            <root url="jar://$USER_HOME$/Library/Java/JavaVirtualMachines/liberica-11.0.13/lib/src.zip!/jdk.dynalink" type="simple" />
            <root url="jar://$USER_HOME$/Library/Java/JavaVirtualMachines/liberica-11.0.13/lib/src.zip!/jdk.jconsole" type="simple" />
            <root url="jar://$USER_HOME$/Library/Java/JavaVirtualMachines/liberica-11.0.13/lib/src.zip!/jdk.jsobject" type="simple" />
            <root url="jar://$USER_HOME$/Library/Java/JavaVirtualMachines/liberica-11.0.13/lib/src.zip!/jdk.packager" type="simple" />
            <root url="jar://$USER_HOME$/Library/Java/JavaVirtualMachines/liberica-11.0.13/lib/src.zip!/java.compiler" type="simple" />
            <root url="jar://$USER_HOME$/Library/Java/JavaVirtualMachines/liberica-11.0.13/lib/src.zip!/java.net.http" type="simple" />
            <root url="jar://$USER_HOME$/Library/Java/JavaVirtualMachines/liberica-11.0.13/lib/src.zip!/jdk.crypto.ec" type="simple" />
            <root url="jar://$USER_HOME$/Library/Java/JavaVirtualMachines/liberica-11.0.13/lib/src.zip!/java.scripting" type="simple" />
            <root url="jar://$USER_HOME$/Library/Java/JavaVirtualMachines/liberica-11.0.13/lib/src.zip!/jdk.httpserver" type="simple" />
            <root url="jar://$USER_HOME$/Library/Java/JavaVirtualMachines/liberica-11.0.13/lib/src.zip!/jdk.jdwp.agent" type="simple" />
            <root url="jar://$USER_HOME$/Library/Java/JavaVirtualMachines/liberica-11.0.13/lib/src.zip!/jdk.localedata" type="simple" />
            <root url="jar://$USER_HOME$/Library/Java/JavaVirtualMachines/liberica-11.0.13/lib/src.zip!/jdk.management" type="simple" />
            <root url="jar://$USER_HOME$/Library/Java/JavaVirtualMachines/liberica-11.0.13/lib/src.zip!/jdk.naming.dns" type="simple" />
            <root url="jar://$USER_HOME$/Library/Java/JavaVirtualMachines/liberica-11.0.13/lib/src.zip!/jdk.naming.rmi" type="simple" />
            <root url="jar://$USER_HOME$/Library/Java/JavaVirtualMachines/liberica-11.0.13/lib/src.zip!/java.instrument" type="simple" />
            <root url="jar://$USER_HOME$/Library/Java/JavaVirtualMachines/liberica-11.0.13/lib/src.zip!/java.management" type="simple" />
            <root url="jar://$USER_HOME$/Library/Java/JavaVirtualMachines/liberica-11.0.13/lib/src.zip!/java.sql.rowset" type="simple" />
            <root url="jar://$USER_HOME$/Library/Java/JavaVirtualMachines/liberica-11.0.13/lib/src.zip!/java.xml.crypto" type="simple" />
            <root url="jar://$USER_HOME$/Library/Java/JavaVirtualMachines/liberica-11.0.13/lib/src.zip!/javafx.controls" type="simple" />
            <root url="jar://$USER_HOME$/Library/Java/JavaVirtualMachines/liberica-11.0.13/lib/src.zip!/javafx.graphics" type="simple" />
            <root url="jar://$USER_HOME$/Library/Java/JavaVirtualMachines/liberica-11.0.13/lib/src.zip!/jdk.internal.ed" type="simple" />
            <root url="jar://$USER_HOME$/Library/Java/JavaVirtualMachines/liberica-11.0.13/lib/src.zip!/jdk.internal.le" type="simple" />
            <root url="jar://$USER_HOME$/Library/Java/JavaVirtualMachines/liberica-11.0.13/lib/src.zip!/jdk.naming.ldap" type="simple" />
            <root url="jar://$USER_HOME$/Library/Java/JavaVirtualMachines/liberica-11.0.13/lib/src.zip!/jdk.unsupported" type="simple" />
            <root url="jar://$USER_HOME$/Library/Java/JavaVirtualMachines/liberica-11.0.13/lib/src.zip!/java.smartcardio" type="simple" />
            <root url="jar://$USER_HOME$/Library/Java/JavaVirtualMachines/liberica-11.0.13/lib/src.zip!/jdk.internal.opt" type="simple" />
            <root url="jar://$USER_HOME$/Library/Java/JavaVirtualMachines/liberica-11.0.13/lib/src.zip!/java.datatransfer" type="simple" />
            <root url="jar://$USER_HOME$/Library/Java/JavaVirtualMachines/liberica-11.0.13/lib/src.zip!/jdk.accessibility" type="simple" />
            <root url="jar://$USER_HOME$/Library/Java/JavaVirtualMachines/liberica-11.0.13/lib/src.zip!/jdk.hotspot.agent" type="simple" />
            <root url="jar://$USER_HOME$/Library/Java/JavaVirtualMachines/liberica-11.0.13/lib/src.zip!/jdk.security.auth" type="simple" />
            <root url="jar://$USER_HOME$/Library/Java/JavaVirtualMachines/liberica-11.0.13/lib/src.zip!/jdk.security.jgss" type="simple" />
            <root url="jar://$USER_HOME$/Library/Java/JavaVirtualMachines/liberica-11.0.13/lib/src.zip!/java.security.jgss" type="simple" />
            <root url="jar://$USER_HOME$/Library/Java/JavaVirtualMachines/liberica-11.0.13/lib/src.zip!/java.security.sasl" type="simple" />
            <root url="jar://$USER_HOME$/Library/Java/JavaVirtualMachines/liberica-11.0.13/lib/src.zip!/jdk.internal.vm.ci" type="simple" />
            <root url="jar://$USER_HOME$/Library/Java/JavaVirtualMachines/liberica-11.0.13/lib/src.zip!/jdk.management.jfr" type="simple" />
            <root url="jar://$USER_HOME$/Library/Java/JavaVirtualMachines/liberica-11.0.13/lib/src.zip!/java.management.rmi" type="simple" />
            <root url="jar://$USER_HOME$/Library/Java/JavaVirtualMachines/liberica-11.0.13/lib/src.zip!/java.transaction.xa" type="simple" />
            <root url="jar://$USER_HOME$/Library/Java/JavaVirtualMachines/liberica-11.0.13/lib/src.zip!/jdk.crypto.cryptoki" type="simple" />
            <root url="jar://$USER_HOME$/Library/Java/JavaVirtualMachines/liberica-11.0.13/lib/src.zip!/jdk.internal.jvmstat" type="simple" />
            <root url="jar://$USER_HOME$/Library/Java/JavaVirtualMachines/liberica-11.0.13/lib/src.zip!/jdk.management.agent" type="simple" />
            <root url="jar://$USER_HOME$/Library/Java/JavaVirtualMachines/liberica-11.0.13/lib/src.zip!/jdk.packager.services" type="simple" />
            <root url="jar://$USER_HOME$/Library/Java/JavaVirtualMachines/liberica-11.0.13/lib/src.zip!/jdk.scripting.nashorn" type="simple" />
            <root url="jar://$USER_HOME$/Library/Java/JavaVirtualMachines/liberica-11.0.13/lib/src.zip!/jdk.unsupported.desktop" type="simple" />
            <root url="jar://$USER_HOME$/Library/Java/JavaVirtualMachines/liberica-11.0.13/lib/src.zip!/jdk.internal.vm.compiler" type="simple" />
            <root url="jar://$USER_HOME$/Library/Java/JavaVirtualMachines/liberica-11.0.13/lib/src.zip!/jdk.scripting.nashorn.shell" type="simple" />
            <root url="jar://$USER_HOME$/Library/Java/JavaVirtualMachines/liberica-11.0.13/lib/src.zip!/jdk.internal.vm.compiler.management" type="simple" />
          </root>
        </sourcePath>
      </roots>
      <additional />
    </jdk>
    <jdk version="2">
      <name value="Android API 31 Platform" />
      <type value="Android SDK" />
      <version value="BellSoft Liberica JDK version 11.0.13" />
      <homePath value="$USER_HOME$/Library/Android/sdk" />
      <roots>
        <annotationsPath>
          <root type="composite">
            <root url="jar://$USER_HOME$/Library/Android/sdk/platforms/android-31/data/annotations.zip!/" type="simple" />
          </root>
        </annotationsPath>
        <classPath>
          <root type="composite">
            <root url="jar://$USER_HOME$/Library/Android/sdk/platforms/android-31/android.jar!/" type="simple" />
            <root url="file://$USER_HOME$/Library/Android/sdk/platforms/android-31/data/res" type="simple" />
          </root>
        </classPath>
        <javadocPath>
          <root type="composite" />
        </javadocPath>
        <sourcePath>
          <root type="composite">
            <root url="file://$USER_HOME$/Library/Android/sdk/sources/android-31" type="simple" />
          </root>
        </sourcePath>
      </roots>
      <additional jdk="11" sdk="android-31" />
    </jdk>
    <jdk version="2">
      <name value="liberica-1.8" />
      <type value="JavaSDK" />
      <version value="version 1.8.0_312" />
      <homePath value="$USER_HOME$/Library/Java/JavaVirtualMachines/liberica-1.8.0_312" />
      <roots>
        <annotationsPath>
          <root type="composite">
            <root url="jar://$APPLICATION_HOME_DIR$/plugins/java/lib/jdkAnnotations.jar!/" type="simple" />
          </root>
        </annotationsPath>
        <classPath>
          <root type="composite">
            <root url="jar://$USER_HOME$/Library/Java/JavaVirtualMachines/liberica-1.8.0_312/jre/lib/charsets.jar!/" type="simple" />
            <root url="jar://$USER_HOME$/Library/Java/JavaVirtualMachines/liberica-1.8.0_312/jre/lib/ext/cldrdata.jar!/" type="simple" />
            <root url="jar://$USER_HOME$/Library/Java/JavaVirtualMachines/liberica-1.8.0_312/jre/lib/ext/dnsns.jar!/" type="simple" />
            <root url="jar://$USER_HOME$/Library/Java/JavaVirtualMachines/liberica-1.8.0_312/jre/lib/ext/jaccess.jar!/" type="simple" />
            <root url="jar://$USER_HOME$/Library/Java/JavaVirtualMachines/liberica-1.8.0_312/jre/lib/ext/jfxrt.jar!/" type="simple" />
            <root url="jar://$USER_HOME$/Library/Java/JavaVirtualMachines/liberica-1.8.0_312/jre/lib/ext/localedata.jar!/" type="simple" />
            <root url="jar://$USER_HOME$/Library/Java/JavaVirtualMachines/liberica-1.8.0_312/jre/lib/ext/nashorn.jar!/" type="simple" />
            <root url="jar://$USER_HOME$/Library/Java/JavaVirtualMachines/liberica-1.8.0_312/jre/lib/ext/sunec.jar!/" type="simple" />
            <root url="jar://$USER_HOME$/Library/Java/JavaVirtualMachines/liberica-1.8.0_312/jre/lib/ext/sunjce_provider.jar!/" type="simple" />
            <root url="jar://$USER_HOME$/Library/Java/JavaVirtualMachines/liberica-1.8.0_312/jre/lib/ext/sunpkcs11.jar!/" type="simple" />
            <root url="jar://$USER_HOME$/Library/Java/JavaVirtualMachines/liberica-1.8.0_312/jre/lib/ext/zipfs.jar!/" type="simple" />
            <root url="jar://$USER_HOME$/Library/Java/JavaVirtualMachines/liberica-1.8.0_312/jre/lib/jce.jar!/" type="simple" />
            <root url="jar://$USER_HOME$/Library/Java/JavaVirtualMachines/liberica-1.8.0_312/jre/lib/jfr.jar!/" type="simple" />
            <root url="jar://$USER_HOME$/Library/Java/JavaVirtualMachines/liberica-1.8.0_312/jre/lib/jfxswt.jar!/" type="simple" />
            <root url="jar://$USER_HOME$/Library/Java/JavaVirtualMachines/liberica-1.8.0_312/jre/lib/jsse.jar!/" type="simple" />
            <root url="jar://$USER_HOME$/Library/Java/JavaVirtualMachines/liberica-1.8.0_312/jre/lib/management-agent.jar!/" type="simple" />
            <root url="jar://$USER_HOME$/Library/Java/JavaVirtualMachines/liberica-1.8.0_312/jre/lib/resources.jar!/" type="simple" />
            <root url="jar://$USER_HOME$/Library/Java/JavaVirtualMachines/liberica-1.8.0_312/jre/lib/rt.jar!/" type="simple" />
            <root url="jar://$USER_HOME$/Library/Java/JavaVirtualMachines/liberica-1.8.0_312/lib/ant-javafx.jar!/" type="simple" />
            <root url="jar://$USER_HOME$/Library/Java/JavaVirtualMachines/liberica-1.8.0_312/lib/dt.jar!/" type="simple" />
            <root url="jar://$USER_HOME$/Library/Java/JavaVirtualMachines/liberica-1.8.0_312/lib/javafx-mx.jar!/" type="simple" />
            <root url="jar://$USER_HOME$/Library/Java/JavaVirtualMachines/liberica-1.8.0_312/lib/jconsole.jar!/" type="simple" />
            <root url="jar://$USER_HOME$/Library/Java/JavaVirtualMachines/liberica-1.8.0_312/lib/packager.jar!/" type="simple" />
            <root url="jar://$USER_HOME$/Library/Java/JavaVirtualMachines/liberica-1.8.0_312/lib/sa-jdi.jar!/" type="simple" />
            <root url="jar://$USER_HOME$/Library/Java/JavaVirtualMachines/liberica-1.8.0_312/lib/tools.jar!/" type="simple" />
          </root>
        </classPath>
        <javadocPath>
          <root type="composite" />
        </javadocPath>
        <sourcePath>
          <root type="composite">
            <root url="jar://$USER_HOME$/Library/Java/JavaVirtualMachines/liberica-1.8.0_312/src.zip!/" type="simple" />
          </root>
        </sourcePath>
      </roots>
      <additional />
    </jdk>
    <jdk version="2">
      <name value="1.8" />
      <type value="JavaSDK" />
      <version value="version 1.8.0_312" />
      <homePath value="$USER_HOME$/.sdkman/candidates/java/8.0.312-librca" />
      <roots>
        <annotationsPath>
          <root type="composite">
            <root url="jar://$APPLICATION_HOME_DIR$/plugins/java/lib/jdkAnnotations.jar!/" type="simple" />
          </root>
        </annotationsPath>
        <classPath>
          <root type="composite">
            <root url="jar://$USER_HOME$/.sdkman/candidates/java/8.0.312-librca/jre/lib/charsets.jar!/" type="simple" />
            <root url="jar://$USER_HOME$/.sdkman/candidates/java/8.0.312-librca/jre/lib/ext/cldrdata.jar!/" type="simple" />
            <root url="jar://$USER_HOME$/.sdkman/candidates/java/8.0.312-librca/jre/lib/ext/dnsns.jar!/" type="simple" />
            <root url="jar://$USER_HOME$/.sdkman/candidates/java/8.0.312-librca/jre/lib/ext/jaccess.jar!/" type="simple" />
            <root url="jar://$USER_HOME$/.sdkman/candidates/java/8.0.312-librca/jre/lib/ext/localedata.jar!/" type="simple" />
            <root url="jar://$USER_HOME$/.sdkman/candidates/java/8.0.312-librca/jre/lib/ext/nashorn.jar!/" type="simple" />
            <root url="jar://$USER_HOME$/.sdkman/candidates/java/8.0.312-librca/jre/lib/ext/sunec.jar!/" type="simple" />
            <root url="jar://$USER_HOME$/.sdkman/candidates/java/8.0.312-librca/jre/lib/ext/sunjce_provider.jar!/" type="simple" />
            <root url="jar://$USER_HOME$/.sdkman/candidates/java/8.0.312-librca/jre/lib/ext/sunpkcs11.jar!/" type="simple" />
            <root url="jar://$USER_HOME$/.sdkman/candidates/java/8.0.312-librca/jre/lib/ext/zipfs.jar!/" type="simple" />
            <root url="jar://$USER_HOME$/.sdkman/candidates/java/8.0.312-librca/jre/lib/jce.jar!/" type="simple" />
            <root url="jar://$USER_HOME$/.sdkman/candidates/java/8.0.312-librca/jre/lib/jfr.jar!/" type="simple" />
            <root url="jar://$USER_HOME$/.sdkman/candidates/java/8.0.312-librca/jre/lib/jsse.jar!/" type="simple" />
            <root url="jar://$USER_HOME$/.sdkman/candidates/java/8.0.312-librca/jre/lib/management-agent.jar!/" type="simple" />
            <root url="jar://$USER_HOME$/.sdkman/candidates/java/8.0.312-librca/jre/lib/resources.jar!/" type="simple" />
            <root url="jar://$USER_HOME$/.sdkman/candidates/java/8.0.312-librca/jre/lib/rt.jar!/" type="simple" />
            <root url="jar://$USER_HOME$/.sdkman/candidates/java/8.0.312-librca/lib/dt.jar!/" type="simple" />
            <root url="jar://$USER_HOME$/.sdkman/candidates/java/8.0.312-librca/lib/jconsole.jar!/" type="simple" />
            <root url="jar://$USER_HOME$/.sdkman/candidates/java/8.0.312-librca/lib/sa-jdi.jar!/" type="simple" />
            <root url="jar://$USER_HOME$/.sdkman/candidates/java/8.0.312-librca/lib/tools.jar!/" type="simple" />
          </root>
        </classPath>
        <javadocPath>
          <root type="composite" />
        </javadocPath>
        <sourcePath>
          <root type="composite">
            <root url="jar://$USER_HOME$/.sdkman/candidates/java/8.0.312-librca/src.zip!/" type="simple" />
          </root>
        </sourcePath>
      </roots>
      <additional />
    </jdk>
    <jdk version="2">
      <name value="Android Studio default JDK" />
      <type value="JavaSDK" />
      <version value="version 1.8.0_312" />
      <homePath value="$USER_HOME$/.sdkman/candidates/java/8.0.312-librca" />
      <roots>
        <annotationsPath>
          <root type="composite">
            <root url="jar://$APPLICATION_HOME_DIR$/plugins/java/lib/jdkAnnotations.jar!/" type="simple" />
          </root>
        </annotationsPath>
        <classPath>
          <root type="composite">
            <root url="jar://$USER_HOME$/.sdkman/candidates/java/8.0.312-librca/jre/lib/charsets.jar!/" type="simple" />
            <root url="jar://$USER_HOME$/.sdkman/candidates/java/8.0.312-librca/jre/lib/ext/cldrdata.jar!/" type="simple" />
            <root url="jar://$USER_HOME$/.sdkman/candidates/java/8.0.312-librca/jre/lib/ext/dnsns.jar!/" type="simple" />
            <root url="jar://$USER_HOME$/.sdkman/candidates/java/8.0.312-librca/jre/lib/ext/jaccess.jar!/" type="simple" />
            <root url="jar://$USER_HOME$/.sdkman/candidates/java/8.0.312-librca/jre/lib/ext/localedata.jar!/" type="simple" />
            <root url="jar://$USER_HOME$/.sdkman/candidates/java/8.0.312-librca/jre/lib/ext/nashorn.jar!/" type="simple" />
            <root url="jar://$USER_HOME$/.sdkman/candidates/java/8.0.312-librca/jre/lib/ext/sunec.jar!/" type="simple" />
            <root url="jar://$USER_HOME$/.sdkman/candidates/java/8.0.312-librca/jre/lib/ext/sunjce_provider.jar!/" type="simple" />
            <root url="jar://$USER_HOME$/.sdkman/candidates/java/8.0.312-librca/jre/lib/ext/sunpkcs11.jar!/" type="simple" />
            <root url="jar://$USER_HOME$/.sdkman/candidates/java/8.0.312-librca/jre/lib/ext/zipfs.jar!/" type="simple" />
            <root url="jar://$USER_HOME$/.sdkman/candidates/java/8.0.312-librca/jre/lib/jce.jar!/" type="simple" />
            <root url="jar://$USER_HOME$/.sdkman/candidates/java/8.0.312-librca/jre/lib/jfr.jar!/" type="simple" />
            <root url="jar://$USER_HOME$/.sdkman/candidates/java/8.0.312-librca/jre/lib/jsse.jar!/" type="simple" />
            <root url="jar://$USER_HOME$/.sdkman/candidates/java/8.0.312-librca/jre/lib/management-agent.jar!/" type="simple" />
            <root url="jar://$USER_HOME$/.sdkman/candidates/java/8.0.312-librca/jre/lib/resources.jar!/" type="simple" />
            <root url="jar://$USER_HOME$/.sdkman/candidates/java/8.0.312-librca/jre/lib/rt.jar!/" type="simple" />
            <root url="jar://$USER_HOME$/.sdkman/candidates/java/8.0.312-librca/lib/dt.jar!/" type="simple" />
            <root url="jar://$USER_HOME$/.sdkman/candidates/java/8.0.312-librca/lib/jconsole.jar!/" type="simple" />
            <root url="jar://$USER_HOME$/.sdkman/candidates/java/8.0.312-librca/lib/sa-jdi.jar!/" type="simple" />
            <root url="jar://$USER_HOME$/.sdkman/candidates/java/8.0.312-librca/lib/tools.jar!/" type="simple" />
          </root>
        </classPath>
        <javadocPath>
          <root type="composite" />
        </javadocPath>
        <sourcePath>
          <root type="composite">
            <root url="jar://$USER_HOME$/.sdkman/candidates/java/8.0.312-librca/src.zip!/" type="simple" />
          </root>
        </sourcePath>
      </roots>
      <additional />
    </jdk>
    <jdk version="2">
      <name value="1.8 (2)" />
      <type value="JavaSDK" />
      <version value="version 1.8.0_312" />
      <homePath value="$USER_HOME$/.sdkman/candidates/java/current" />
      <roots>
        <annotationsPath>
          <root type="composite">
            <root url="jar://$APPLICATION_HOME_DIR$/plugins/java/lib/jdkAnnotations.jar!/" type="simple" />
          </root>
        </annotationsPath>
        <classPath>
          <root type="composite">
            <root url="jrt:///Users/Aditya.Pratama/.sdkman/candidates/java/current!/java.base" type="simple" />
            <root url="jrt:///Users/Aditya.Pratama/.sdkman/candidates/java/current!/java.compiler" type="simple" />
            <root url="jrt:///Users/Aditya.Pratama/.sdkman/candidates/java/current!/java.datatransfer" type="simple" />
            <root url="jrt:///Users/Aditya.Pratama/.sdkman/candidates/java/current!/java.desktop" type="simple" />
            <root url="jrt:///Users/Aditya.Pratama/.sdkman/candidates/java/current!/java.instrument" type="simple" />
            <root url="jrt:///Users/Aditya.Pratama/.sdkman/candidates/java/current!/java.logging" type="simple" />
            <root url="jrt:///Users/Aditya.Pratama/.sdkman/candidates/java/current!/java.management" type="simple" />
            <root url="jrt:///Users/Aditya.Pratama/.sdkman/candidates/java/current!/java.management.rmi" type="simple" />
            <root url="jrt:///Users/Aditya.Pratama/.sdkman/candidates/java/current!/java.naming" type="simple" />
            <root url="jrt:///Users/Aditya.Pratama/.sdkman/candidates/java/current!/java.net.http" type="simple" />
            <root url="jrt:///Users/Aditya.Pratama/.sdkman/candidates/java/current!/java.prefs" type="simple" />
            <root url="jrt:///Users/Aditya.Pratama/.sdkman/candidates/java/current!/java.rmi" type="simple" />
            <root url="jrt:///Users/Aditya.Pratama/.sdkman/candidates/java/current!/java.scripting" type="simple" />
            <root url="jrt:///Users/Aditya.Pratama/.sdkman/candidates/java/current!/java.se" type="simple" />
            <root url="jrt:///Users/Aditya.Pratama/.sdkman/candidates/java/current!/java.security.jgss" type="simple" />
            <root url="jrt:///Users/Aditya.Pratama/.sdkman/candidates/java/current!/java.security.sasl" type="simple" />
            <root url="jrt:///Users/Aditya.Pratama/.sdkman/candidates/java/current!/java.smartcardio" type="simple" />
            <root url="jrt:///Users/Aditya.Pratama/.sdkman/candidates/java/current!/java.sql" type="simple" />
            <root url="jrt:///Users/Aditya.Pratama/.sdkman/candidates/java/current!/java.sql.rowset" type="simple" />
            <root url="jrt:///Users/Aditya.Pratama/.sdkman/candidates/java/current!/java.transaction.xa" type="simple" />
            <root url="jrt:///Users/Aditya.Pratama/.sdkman/candidates/java/current!/java.xml" type="simple" />
            <root url="jrt:///Users/Aditya.Pratama/.sdkman/candidates/java/current!/java.xml.crypto" type="simple" />
            <root url="jrt:///Users/Aditya.Pratama/.sdkman/candidates/java/current!/jdk.accessibility" type="simple" />
            <root url="jrt:///Users/Aditya.Pratama/.sdkman/candidates/java/current!/jdk.aot" type="simple" />
            <root url="jrt:///Users/Aditya.Pratama/.sdkman/candidates/java/current!/jdk.attach" type="simple" />
            <root url="jrt:///Users/Aditya.Pratama/.sdkman/candidates/java/current!/jdk.charsets" type="simple" />
            <root url="jrt:///Users/Aditya.Pratama/.sdkman/candidates/java/current!/jdk.compiler" type="simple" />
            <root url="jrt:///Users/Aditya.Pratama/.sdkman/candidates/java/current!/jdk.crypto.cryptoki" type="simple" />
            <root url="jrt:///Users/Aditya.Pratama/.sdkman/candidates/java/current!/jdk.crypto.ec" type="simple" />
            <root url="jrt:///Users/Aditya.Pratama/.sdkman/candidates/java/current!/jdk.dynalink" type="simple" />
            <root url="jrt:///Users/Aditya.Pratama/.sdkman/candidates/java/current!/jdk.editpad" type="simple" />
            <root url="jrt:///Users/Aditya.Pratama/.sdkman/candidates/java/current!/jdk.hotspot.agent" type="simple" />
            <root url="jrt:///Users/Aditya.Pratama/.sdkman/candidates/java/current!/jdk.httpserver" type="simple" />
            <root url="jrt:///Users/Aditya.Pratama/.sdkman/candidates/java/current!/jdk.internal.ed" type="simple" />
            <root url="jrt:///Users/Aditya.Pratama/.sdkman/candidates/java/current!/jdk.internal.jvmstat" type="simple" />
            <root url="jrt:///Users/Aditya.Pratama/.sdkman/candidates/java/current!/jdk.internal.le" type="simple" />
            <root url="jrt:///Users/Aditya.Pratama/.sdkman/candidates/java/current!/jdk.internal.opt" type="simple" />
            <root url="jrt:///Users/Aditya.Pratama/.sdkman/candidates/java/current!/jdk.internal.vm.ci" type="simple" />
            <root url="jrt:///Users/Aditya.Pratama/.sdkman/candidates/java/current!/jdk.internal.vm.compiler" type="simple" />
            <root url="jrt:///Users/Aditya.Pratama/.sdkman/candidates/java/current!/jdk.internal.vm.compiler.management" type="simple" />
            <root url="jrt:///Users/Aditya.Pratama/.sdkman/candidates/java/current!/jdk.jartool" type="simple" />
            <root url="jrt:///Users/Aditya.Pratama/.sdkman/candidates/java/current!/jdk.javadoc" type="simple" />
            <root url="jrt:///Users/Aditya.Pratama/.sdkman/candidates/java/current!/jdk.jcmd" type="simple" />
            <root url="jrt:///Users/Aditya.Pratama/.sdkman/candidates/java/current!/jdk.jconsole" type="simple" />
            <root url="jrt:///Users/Aditya.Pratama/.sdkman/candidates/java/current!/jdk.jdeps" type="simple" />
            <root url="jrt:///Users/Aditya.Pratama/.sdkman/candidates/java/current!/jdk.jdi" type="simple" />
            <root url="jrt:///Users/Aditya.Pratama/.sdkman/candidates/java/current!/jdk.jdwp.agent" type="simple" />
            <root url="jrt:///Users/Aditya.Pratama/.sdkman/candidates/java/current!/jdk.jfr" type="simple" />
            <root url="jrt:///Users/Aditya.Pratama/.sdkman/candidates/java/current!/jdk.jlink" type="simple" />
            <root url="jrt:///Users/Aditya.Pratama/.sdkman/candidates/java/current!/jdk.jshell" type="simple" />
            <root url="jrt:///Users/Aditya.Pratama/.sdkman/candidates/java/current!/jdk.jsobject" type="simple" />
            <root url="jrt:///Users/Aditya.Pratama/.sdkman/candidates/java/current!/jdk.jstatd" type="simple" />
            <root url="jrt:///Users/Aditya.Pratama/.sdkman/candidates/java/current!/jdk.localedata" type="simple" />
            <root url="jrt:///Users/Aditya.Pratama/.sdkman/candidates/java/current!/jdk.management" type="simple" />
            <root url="jrt:///Users/Aditya.Pratama/.sdkman/candidates/java/current!/jdk.management.agent" type="simple" />
            <root url="jrt:///Users/Aditya.Pratama/.sdkman/candidates/java/current!/jdk.management.jfr" type="simple" />
            <root url="jrt:///Users/Aditya.Pratama/.sdkman/candidates/java/current!/jdk.naming.dns" type="simple" />
            <root url="jrt:///Users/Aditya.Pratama/.sdkman/candidates/java/current!/jdk.naming.ldap" type="simple" />
            <root url="jrt:///Users/Aditya.Pratama/.sdkman/candidates/java/current!/jdk.naming.rmi" type="simple" />
            <root url="jrt:///Users/Aditya.Pratama/.sdkman/candidates/java/current!/jdk.net" type="simple" />
            <root url="jrt:///Users/Aditya.Pratama/.sdkman/candidates/java/current!/jdk.pack" type="simple" />
            <root url="jrt:///Users/Aditya.Pratama/.sdkman/candidates/java/current!/jdk.rmic" type="simple" />
            <root url="jrt:///Users/Aditya.Pratama/.sdkman/candidates/java/current!/jdk.scripting.nashorn" type="simple" />
            <root url="jrt:///Users/Aditya.Pratama/.sdkman/candidates/java/current!/jdk.scripting.nashorn.shell" type="simple" />
            <root url="jrt:///Users/Aditya.Pratama/.sdkman/candidates/java/current!/jdk.sctp" type="simple" />
            <root url="jrt:///Users/Aditya.Pratama/.sdkman/candidates/java/current!/jdk.security.auth" type="simple" />
            <root url="jrt:///Users/Aditya.Pratama/.sdkman/candidates/java/current!/jdk.security.jgss" type="simple" />
            <root url="jrt:///Users/Aditya.Pratama/.sdkman/candidates/java/current!/jdk.unsupported" type="simple" />
            <root url="jrt:///Users/Aditya.Pratama/.sdkman/candidates/java/current!/jdk.unsupported.desktop" type="simple" />
            <root url="jrt:///Users/Aditya.Pratama/.sdkman/candidates/java/current!/jdk.xml.dom" type="simple" />
            <root url="jrt:///Users/Aditya.Pratama/.sdkman/candidates/java/current!/jdk.zipfs" type="simple" />
            <root url="jar://$USER_HOME$/.sdkman/candidates/java/current/jre/lib/charsets.jar!/" type="simple" />
            <root url="jar://$USER_HOME$/.sdkman/candidates/java/current/jre/lib/ext/cldrdata.jar!/" type="simple" />
            <root url="jar://$USER_HOME$/.sdkman/candidates/java/current/jre/lib/ext/dnsns.jar!/" type="simple" />
            <root url="jar://$USER_HOME$/.sdkman/candidates/java/current/jre/lib/ext/jaccess.jar!/" type="simple" />
            <root url="jar://$USER_HOME$/.sdkman/candidates/java/current/jre/lib/ext/localedata.jar!/" type="simple" />
            <root url="jar://$USER_HOME$/.sdkman/candidates/java/current/jre/lib/ext/nashorn.jar!/" type="simple" />
            <root url="jar://$USER_HOME$/.sdkman/candidates/java/current/jre/lib/ext/sunec.jar!/" type="simple" />
            <root url="jar://$USER_HOME$/.sdkman/candidates/java/current/jre/lib/ext/sunjce_provider.jar!/" type="simple" />
            <root url="jar://$USER_HOME$/.sdkman/candidates/java/current/jre/lib/ext/sunpkcs11.jar!/" type="simple" />
            <root url="jar://$USER_HOME$/.sdkman/candidates/java/current/jre/lib/ext/zipfs.jar!/" type="simple" />
            <root url="jar://$USER_HOME$/.sdkman/candidates/java/current/jre/lib/jce.jar!/" type="simple" />
            <root url="jar://$USER_HOME$/.sdkman/candidates/java/current/jre/lib/jfr.jar!/" type="simple" />
            <root url="jar://$USER_HOME$/.sdkman/candidates/java/current/jre/lib/jsse.jar!/" type="simple" />
            <root url="jar://$USER_HOME$/.sdkman/candidates/java/current/jre/lib/management-agent.jar!/" type="simple" />
            <root url="jar://$USER_HOME$/.sdkman/candidates/java/current/jre/lib/resources.jar!/" type="simple" />
            <root url="jar://$USER_HOME$/.sdkman/candidates/java/current/jre/lib/rt.jar!/" type="simple" />
            <root url="jar://$USER_HOME$/.sdkman/candidates/java/current/lib/dt.jar!/" type="simple" />
            <root url="jar://$USER_HOME$/.sdkman/candidates/java/current/lib/jconsole.jar!/" type="simple" />
            <root url="jar://$USER_HOME$/.sdkman/candidates/java/current/lib/sa-jdi.jar!/" type="simple" />
            <root url="jar://$USER_HOME$/.sdkman/candidates/java/current/lib/tools.jar!/" type="simple" />
          </root>
        </classPath>
        <javadocPath>
          <root type="composite" />
        </javadocPath>
        <sourcePath>
          <root type="composite">
            <root url="jar://$USER_HOME$/.sdkman/candidates/java/current/src.zip!/" type="simple" />
            <root url="jar://$USER_HOME$/.sdkman/candidates/java/current/lib/src.zip!/java.se" type="simple" />
            <root url="jar://$USER_HOME$/.sdkman/candidates/java/current/lib/src.zip!/jdk.aot" type="simple" />
            <root url="jar://$USER_HOME$/.sdkman/candidates/java/current/lib/src.zip!/jdk.jdi" type="simple" />
            <root url="jar://$USER_HOME$/.sdkman/candidates/java/current/lib/src.zip!/jdk.jfr" type="simple" />
            <root url="jar://$USER_HOME$/.sdkman/candidates/java/current/lib/src.zip!/jdk.net" type="simple" />
            <root url="jar://$USER_HOME$/.sdkman/candidates/java/current/lib/src.zip!/java.rmi" type="simple" />
            <root url="jar://$USER_HOME$/.sdkman/candidates/java/current/lib/src.zip!/java.sql" type="simple" />
            <root url="jar://$USER_HOME$/.sdkman/candidates/java/current/lib/src.zip!/java.xml" type="simple" />
            <root url="jar://$USER_HOME$/.sdkman/candidates/java/current/lib/src.zip!/jdk.jcmd" type="simple" />
            <root url="jar://$USER_HOME$/.sdkman/candidates/java/current/lib/src.zip!/jdk.pack" type="simple" />
            <root url="jar://$USER_HOME$/.sdkman/candidates/java/current/lib/src.zip!/jdk.rmic" type="simple" />
            <root url="jar://$USER_HOME$/.sdkman/candidates/java/current/lib/src.zip!/jdk.sctp" type="simple" />
            <root url="jar://$USER_HOME$/.sdkman/candidates/java/current/lib/src.zip!/java.base" type="simple" />
            <root url="jar://$USER_HOME$/.sdkman/candidates/java/current/lib/src.zip!/jdk.jdeps" type="simple" />
            <root url="jar://$USER_HOME$/.sdkman/candidates/java/current/lib/src.zip!/jdk.jlink" type="simple" />
            <root url="jar://$USER_HOME$/.sdkman/candidates/java/current/lib/src.zip!/jdk.zipfs" type="simple" />
            <root url="jar://$USER_HOME$/.sdkman/candidates/java/current/lib/src.zip!/java.prefs" type="simple" />
            <root url="jar://$USER_HOME$/.sdkman/candidates/java/current/lib/src.zip!/jdk.attach" type="simple" />
            <root url="jar://$USER_HOME$/.sdkman/candidates/java/current/lib/src.zip!/jdk.jshell" type="simple" />
            <root url="jar://$USER_HOME$/.sdkman/candidates/java/current/lib/src.zip!/jdk.jstatd" type="simple" />
            <root url="jar://$USER_HOME$/.sdkman/candidates/java/current/lib/src.zip!/java.naming" type="simple" />
            <root url="jar://$USER_HOME$/.sdkman/candidates/java/current/lib/src.zip!/jdk.editpad" type="simple" />
            <root url="jar://$USER_HOME$/.sdkman/candidates/java/current/lib/src.zip!/jdk.jartool" type="simple" />
            <root url="jar://$USER_HOME$/.sdkman/candidates/java/current/lib/src.zip!/jdk.javadoc" type="simple" />
            <root url="jar://$USER_HOME$/.sdkman/candidates/java/current/lib/src.zip!/jdk.xml.dom" type="simple" />
            <root url="jar://$USER_HOME$/.sdkman/candidates/java/current/lib/src.zip!/java.desktop" type="simple" />
            <root url="jar://$USER_HOME$/.sdkman/candidates/java/current/lib/src.zip!/java.logging" type="simple" />
            <root url="jar://$USER_HOME$/.sdkman/candidates/java/current/lib/src.zip!/jdk.charsets" type="simple" />
            <root url="jar://$USER_HOME$/.sdkman/candidates/java/current/lib/src.zip!/jdk.compiler" type="simple" />
            <root url="jar://$USER_HOME$/.sdkman/candidates/java/current/lib/src.zip!/jdk.dynalink" type="simple" />
            <root url="jar://$USER_HOME$/.sdkman/candidates/java/current/lib/src.zip!/jdk.jconsole" type="simple" />
            <root url="jar://$USER_HOME$/.sdkman/candidates/java/current/lib/src.zip!/jdk.jsobject" type="simple" />
            <root url="jar://$USER_HOME$/.sdkman/candidates/java/current/lib/src.zip!/java.compiler" type="simple" />
            <root url="jar://$USER_HOME$/.sdkman/candidates/java/current/lib/src.zip!/java.net.http" type="simple" />
            <root url="jar://$USER_HOME$/.sdkman/candidates/java/current/lib/src.zip!/jdk.crypto.ec" type="simple" />
            <root url="jar://$USER_HOME$/.sdkman/candidates/java/current/lib/src.zip!/java.scripting" type="simple" />
            <root url="jar://$USER_HOME$/.sdkman/candidates/java/current/lib/src.zip!/jdk.httpserver" type="simple" />
            <root url="jar://$USER_HOME$/.sdkman/candidates/java/current/lib/src.zip!/jdk.jdwp.agent" type="simple" />
            <root url="jar://$USER_HOME$/.sdkman/candidates/java/current/lib/src.zip!/jdk.localedata" type="simple" />
            <root url="jar://$USER_HOME$/.sdkman/candidates/java/current/lib/src.zip!/jdk.management" type="simple" />
            <root url="jar://$USER_HOME$/.sdkman/candidates/java/current/lib/src.zip!/jdk.naming.dns" type="simple" />
            <root url="jar://$USER_HOME$/.sdkman/candidates/java/current/lib/src.zip!/jdk.naming.rmi" type="simple" />
            <root url="jar://$USER_HOME$/.sdkman/candidates/java/current/lib/src.zip!/java.instrument" type="simple" />
            <root url="jar://$USER_HOME$/.sdkman/candidates/java/current/lib/src.zip!/java.management" type="simple" />
            <root url="jar://$USER_HOME$/.sdkman/candidates/java/current/lib/src.zip!/java.sql.rowset" type="simple" />
            <root url="jar://$USER_HOME$/.sdkman/candidates/java/current/lib/src.zip!/java.xml.crypto" type="simple" />
            <root url="jar://$USER_HOME$/.sdkman/candidates/java/current/lib/src.zip!/jdk.internal.ed" type="simple" />
            <root url="jar://$USER_HOME$/.sdkman/candidates/java/current/lib/src.zip!/jdk.internal.le" type="simple" />
            <root url="jar://$USER_HOME$/.sdkman/candidates/java/current/lib/src.zip!/jdk.naming.ldap" type="simple" />
            <root url="jar://$USER_HOME$/.sdkman/candidates/java/current/lib/src.zip!/jdk.unsupported" type="simple" />
            <root url="jar://$USER_HOME$/.sdkman/candidates/java/current/lib/src.zip!/java.smartcardio" type="simple" />
            <root url="jar://$USER_HOME$/.sdkman/candidates/java/current/lib/src.zip!/jdk.internal.opt" type="simple" />
            <root url="jar://$USER_HOME$/.sdkman/candidates/java/current/lib/src.zip!/java.datatransfer" type="simple" />
            <root url="jar://$USER_HOME$/.sdkman/candidates/java/current/lib/src.zip!/jdk.accessibility" type="simple" />
            <root url="jar://$USER_HOME$/.sdkman/candidates/java/current/lib/src.zip!/jdk.hotspot.agent" type="simple" />
            <root url="jar://$USER_HOME$/.sdkman/candidates/java/current/lib/src.zip!/jdk.security.auth" type="simple" />
            <root url="jar://$USER_HOME$/.sdkman/candidates/java/current/lib/src.zip!/jdk.security.jgss" type="simple" />
            <root url="jar://$USER_HOME$/.sdkman/candidates/java/current/lib/src.zip!/java.security.jgss" type="simple" />
            <root url="jar://$USER_HOME$/.sdkman/candidates/java/current/lib/src.zip!/java.security.sasl" type="simple" />
            <root url="jar://$USER_HOME$/.sdkman/candidates/java/current/lib/src.zip!/jdk.internal.vm.ci" type="simple" />
            <root url="jar://$USER_HOME$/.sdkman/candidates/java/current/lib/src.zip!/jdk.management.jfr" type="simple" />
            <root url="jar://$USER_HOME$/.sdkman/candidates/java/current/lib/src.zip!/java.management.rmi" type="simple" />
            <root url="jar://$USER_HOME$/.sdkman/candidates/java/current/lib/src.zip!/java.transaction.xa" type="simple" />
            <root url="jar://$USER_HOME$/.sdkman/candidates/java/current/lib/src.zip!/jdk.crypto.cryptoki" type="simple" />
            <root url="jar://$USER_HOME$/.sdkman/candidates/java/current/lib/src.zip!/jdk.internal.jvmstat" type="simple" />
            <root url="jar://$USER_HOME$/.sdkman/candidates/java/current/lib/src.zip!/jdk.management.agent" type="simple" />
            <root url="jar://$USER_HOME$/.sdkman/candidates/java/current/lib/src.zip!/jdk.scripting.nashorn" type="simple" />
            <root url="jar://$USER_HOME$/.sdkman/candidates/java/current/lib/src.zip!/jdk.unsupported.desktop" type="simple" />
            <root url="jar://$USER_HOME$/.sdkman/candidates/java/current/lib/src.zip!/jdk.internal.vm.compiler" type="simple" />
            <root url="jar://$USER_HOME$/.sdkman/candidates/java/current/lib/src.zip!/jdk.scripting.nashorn.shell" type="simple" />
            <root url="jar://$USER_HOME$/.sdkman/candidates/java/current/lib/src.zip!/jdk.internal.vm.compiler.management" type="simple" />
          </root>
        </sourcePath>
      </roots>
      <additional />
    </jdk>
  </component>
</application>