<keymap version="1" name="macOS copy" parent="Mac OS X 10.5+">
  <action id="$Redo">
    <keyboard-shortcut first-keystroke="shift alt back_space" />
  </action>
  <action id="Android.RunAndroidAvdManager">
    <keyboard-shortcut first-keystroke="shift meta alt o" />
  </action>
  <action id="FileStructurePopup">
    <keyboard-shortcut first-keystroke="meta f12" />
    <keyboard-shortcut first-keystroke="shift meta s" />
  </action>
  <action id="Git.CompareWithBranch">
    <keyboard-shortcut first-keystroke="shift meta w" />
  </action>
  <action id="Kotlin.RunScratch" />
  <action id="Vcs.ShowTabbedFileHistory">
    <keyboard-shortcut first-keystroke="shift meta z" />
  </action>
  <action id="android.deploy.ApplyChanges">
    <keyboard-shortcut first-keystroke="ctrl meta e" />
  </action>
  <action id="android.deploy.CodeSwap">
    <keyboard-shortcut first-keystroke="shift ctrl meta e" />
  </action>
</keymap>